exclude_reason,source,source_listing_id,url,parsed_at,link_collected_at,price_rub,price_m2_rub,lat,lon,region,okrug,settlement,street,address,rooms,is_studio,total_area_m2,kitchen_area_m2,living_area_m2,kitchen_area_share,living_area_share,floor,floors_total,floor_ratio,floor_group,is_first_floor,is_last_floor,house_year,house_age,is_new_building_year,ceiling_height_m,house_type,property_format,housing_market,housing_class,housing_class_rank,heating_type,overlap_type,gas_supply_type,redevelopment_status,ownership_share_fraction,is_share_sale,repair_type,finish_type,finish_rank,sale_type,bathroom_type,bathroom_combined_count,bathroom_separate_count,bathroom_total_count,passenger_elevator_count,freight_elevator_count,elevator_total_count,has_elevator,metro_min_listed,metro_count_listed,mkad_distance_km,balcony_count,loggia_count,balcony_loggia_type,is_apartment_format,is_penthouse_format,has_balcony,has_loggia,windows_yard,windows_street,windows_park_or_forest,windows_water,windows_sunny,windows_panoramic,windows_two_sides,windows_quiet,windows_view_count,parking_underground,parking_surface,parking_multilevel,parking_yard,parking_open_yard,parking_barrier,parking_guest,yard_closed,yard_playground,yard_sportground,yard_no_cars,yard_barrier,has_furniture,has_kitchen_furniture,has_wardrobe_storage,has_sleeping_places,furniture_set,has_fridge,has_washer,has_dishwasher,has_ac,has_water_heater,has_oven,has_cooktop,has_hood,has_appliances,appliances_set,mortgage_possible,one_owner,no_encumbrance,quick_deal,has_warm_floor,is_emergency_house,has_ramp,has_minor_owners,maternity_capital_used,has_garbage_chute,has_concierge,entrance_clean,entrance_needs_repair,has_security,has_storage_room,has_mall_nearby_text,has_park_nearby_text,has_school_nearby_text,has_kindergarten_nearby_text,description_len_chars,description_len_words,repair_source,finish_source,house_type_source,ceiling_height_source,osm_metro_count_1000m,osm_metro_nearest_1000m,has_metro_1000m,osm_park_count_1000m,osm_park_nearest_1000m,has_park_1000m,osm_school_count_1000m,osm_school_nearest_1000m,has_school_1000m,osm_kindergarten_count_1000m,osm_kindergarten_nearest_1000m,has_kindergarten_1000m,osm_hospital_clinic_count_1000m,osm_hospital_clinic_nearest_1000m,has_hospital_clinic_1000m,osm_pharmacy_count_1000m,osm_pharmacy_nearest_1000m,has_pharmacy_1000m,osm_supermarket_count_1000m,osm_supermarket_nearest_1000m,has_supermarket_1000m,osm_public_transport_stop_count_1000m,osm_public_transport_stop_nearest_1000m,has_public_transport_stop_1000m,osm_cafe_restaurant_count_1000m,osm_cafe_restaurant_nearest_1000m,has_cafe_restaurant_1000m,osm_fitness_sport_count_1000m,osm_fitness_sport_nearest_1000m,has_fitness_sport_1000m,osm_total_poi_count_1000m,infrastructure_score_1000m,log1p_osm_metro_count_1000m,log1p_osm_park_count_1000m,log1p_osm_school_count_1000m,log1p_osm_kindergarten_count_1000m,log1p_osm_hospital_clinic_count_1000m,log1p_osm_pharmacy_count_1000m,log1p_osm_supermarket_count_1000m,log1p_osm_public_transport_stop_count_1000m,log1p_osm_cafe_restaurant_count_1000m,log1p_osm_fitness_sport_count_1000m,log1p_osm_total_poi_count_1000m,osm_features_available,osm_radius_m,address_exact,address_zone,residential_complex,building_key,metro_primary,geo_cell_2000m,geo_cell_1000m,geo_cell_500m,geo_cell_200m
missing_total_area; missing_coordinates; coordinates_out_of_bbox,avito,8094416083,https://www.avito.ru/vidnoe/kvartiry/1-k._kvartira_35_m_38_et._8094416083?context=H4sIAAAAAAAA_wE_AMD_YToyOntzOjEzOiJsb2NhbFByaW9yaXR5IjtiOjA7czoxOiJ4IjtzOjE2OiJtNWJsOHhxQWVnSElDeVFzIjt9ktdG1T8AAAA,2026-06-06 14:17:39,2026-06-06 11:31:02,6746572.0,,,,,,,,"Д. Спасское, ЖК «Живописный» Видное",1.0,0,,,,,,8.0,,,middle,0,0,,,0,,unknown,flat,unknown,unknown,,unknown,unknown,unknown,unknown,,0,unknown,unknown,,unknown,unknown,0,0,0,0,0,0,0,,0,,0.0,0.0,none,0,0,0,0,0,0,0,0,0,0,0,0,0,0,0,0,0,0,0,0,0,0,0,0,0,0,0,0,0,none,0,0,0,0,0,0,0,0,0,none,0,0,0,0,0,0,0,0,0,0,0,0,0,0,0,0,0,0,0,129,19,missing,missing,missing,missing,,,,,,,,,,,,,,,,,,,,,,,,,,,,,,,,,,,,,,,,,,,,0,,"д. спасское, жк «живописный» видное","д. спасское, жк «живописный» видное",unknown,unknown,unknown,<NA>_<NA>,<NA>_<NA>,<NA>_<NA>,<NA>_<NA>
missing_coordinates; coordinates_out_of_bbox,avito,8197365444,https://www.avito.ru/dmitrov/kvartiry/1-k._kvartira_37_m_69_et._8197365444?context=H4sIAAAAAAAA_wE_AMD_YToyOntzOjEzOiJsb2NhbFByaW9yaXR5IjtiOjA7czoxOiJ4IjtzOjE2OiJjVExFWHM4NUZMdlg5TlpnIjt9ES3e-z8AAAA,2026-06-06 15:55:29,2026-06-06 11:33:04,5250000.0,141891.8918918919,,,,,,,",",1.0,0,37.0,7.8,,0.2108108108108108,,6.0,,,middle,0,0,,,0,,panel,flat,unknown,unknown,,unknown,unknown,unknown,unknown,,0,unknown,unknown,,unknown,unknown,0,0,0,0,0,0,0,,0,,1.0,0.0,balcony,0,0,1,0,0,0,0,0,0,0,0,0,0,0,0,0,0,0,0,0,0,0,0,0,0,0,0,0,0,none,0,0,0,0,0,0,0,0,0,none,0,0,0,0,0,0,0,0,0,0,0,0,0,0,0,0,0,1,0,255,41,missing,missing,description,missing,,,,,,,,,,,,,,,,,,,,,,,,,,,,,,,,,,,,,,,,,,,,0,,unknown,unknown,unknown,unknown,unknown,<NA>_<NA>,<NA>_<NA>,<NA>_<NA>,<NA>_<NA>
missing_coordinates; coordinates_out_of_bbox,avito,8197209847,https://www.avito.ru/lesnoy_gorodok/kvartiry/1-k._kvartira_311_m_1314_et._8197209847?context=H4sIAAAAAAAA_wE_AMD_YToyOntzOjEzOiJsb2NhbFByaW9yaXR5IjtiOjA7czoxOiJ4IjtzOjE2OiJKVFJWbUdjOUtKNzRJTVFzIjt9VfDgdj8AAAA,2026-06-06 17:04:42,2026-06-06 11:34:30,6650000.0,213826.36655948556,,,,,,,"Берёзовая ул., 6 пгт. ВНИИССОК",1.0,0,31.1,7.8,,0.2508038585209003,,,,,unknown,0,0,,,0,,unknown,flat,unknown,unknown,,unknown,unknown,unknown,none,,0,unknown,unknown,,unknown,unknown,0,0,0,0,0,0,0,,0,,1.0,0.0,balcony,0,0,1,0,0,0,0,0,0,0,0,0,0,0,0,0,0,0,0,0,0,0,0,0,0,1,0,0,0,general,0,0,0,0,0,0,0,0,1,general,0,0,1,0,0,0,0,0,0,0,0,0,0,0,0,0,0,0,0,256,40,missing,missing,missing,missing,,,,,,,,,,,,,,,,,,,,,,,,,,,,,,,,,,,,,,,,,,,,0,,"березовая ул., 6 пгт. внииссок",березовая ул.,unknown,unknown,unknown,<NA>_<NA>,<NA>_<NA>,<NA>_<NA>,<NA>_<NA>
missing_coordinates; coordinates_out_of_bbox,avito,8223348323,https://www.avito.ru/dzerzhinskiy/kvartiry/1-k._kvartira_47_m_1121_et._8223348323?context=H4sIAAAAAAAA_wE_AMD_YToyOntzOjEzOiJsb2NhbFByaW9yaXR5IjtiOjA7czoxOiJ4IjtzOjE2OiJTa1hmWEZtTE0xOU5ENk0yIjt9_7OrTD8AAAA,2026-06-06 17:29:38,2026-06-06 11:35:02,8990000.0,191277.0,,,,,,,"Угрешская ул., 32 Дзержинский",1.0,0,47.0,17.0,24.0,0.3617021276595745,0.5106382978723404,11.0,21.0,0.5238095238095238,middle,0,0,2016.0,10.0,0,,monolith,flat,unknown,unknown,,unknown,unknown,unknown,unknown,,0,cosmetic,unknown,,free_sale,combined,1,0,1,1,1,2,1,,0,,0.0,1.0,loggia,0,0,0,1,0,0,0,0,0,0,0,0,0,0,0,0,0,0,0,0,0,0,0,0,0,0,0,0,0,none,0,0,0,0,0,0,0,0,0,none,0,0,0,1,0,0,0,0,0,0,0,0,0,0,0,0,1,1,0,381,48,existing,missing,existing,missing,,,,,,,,,,,,,,,,,,,,,,,,,,,,,,,,,,,,,,,,,,,,0,,"угрешская ул., 32 дзержинский",угрешская ул.,unknown,unknown,unknown,<NA>_<NA>,<NA>_<NA>,<NA>_<NA>,<NA>_<NA>
missing_total_area; missing_coordinates; coordinates_out_of_bbox,avito,7980143034,https://www.avito.ru/balashiha/kvartiry/1-k._kvartira_301_m_15_et._7980143034?context=H4sIAAAAAAAA_wE_AMD_YToyOntzOjEzOiJsb2NhbFByaW9yaXR5IjtiOjA7czoxOiJ4IjtzOjE2OiJTa1hmWEZtTE0xOU5ENk0yIjt9_7OrTD8AAAA,2026-06-06 17:49:35,2026-06-06 11:35:02,4700000.0,,,,,,,,"Пионерская ул., 3 Балашиха",1.0,0,,,,,,,,,unknown,0,0,1970.0,56.0,0,,panel,flat,unknown,unknown,,gas,unknown,unknown,unknown,,0,unknown,unknown,,unknown,combined,1,0,1,0,0,0,0,,0,,0.0,0.0,none,0,0,0,0,1,0,0,0,0,0,0,0,1,0,0,0,1,1,0,0,0,0,0,0,0,1,0,1,0,storage,0,0,0,0,0,0,0,0,0,none,0,0,0,0,0,0,0,0,0,0,0,0,0,0,0,0,0,0,0,256,36,missing,missing,description,missing,,,,,,,,,,,,,,,,,,,,,,,,,,,,,,,,,,,,,,,,,,,,0,,"пионерская ул., 3 балашиха",пионерская ул.,unknown,unknown,unknown,<NA>_<NA>,<NA>_<NA>,<NA>_<NA>,<NA>_<NA>
missing_total_area; missing_coordinates; coordinates_out_of_bbox,avito,7562062861,https://www.avito.ru/aprelevka/kvartiry/1-k._kvartira_478_m_514_et._7562062861?context=H4sIAAAAAAAA_wE_AMD_YToyOntzOjEzOiJsb2NhbFByaW9yaXR5IjtiOjA7czoxOiJ4IjtzOjE2OiJTa1hmWEZtTE0xOU5ENk0yIjt9_7OrTD8AAAA,2026-06-06 17:58:33,2026-06-06 11:35:02,10500000.0,,,,,,,,"ул. Цветочная Аллея, 9 Апрелевка",1.0,0,,,,,,,,,unknown,0,0,,,0,,unknown,flat,unknown,unknown,,unknown,unknown,unknown,unknown,,0,designer,unknown,,unknown,unknown,0,0,0,0,0,0,0,,0,,0.0,0.0,none,0,0,0,0,0,0,0,0,0,0,0,0,0,0,0,0,0,0,0,0,0,0,0,0,0,1,0,1,0,storage,0,0,0,0,0,0,0,0,0,none,0,0,0,0,0,0,0,0,0,0,0,0,0,0,0,0,0,0,0,256,33,description,missing,missing,missing,,,,,,,,,,,,,,,,,,,,,,,,,,,,,,,,,,,,,,,,,,,,0,,"ул. цветочная аллея, 9 апрелевка",ул. цветочная аллея,unknown,unknown,unknown,<NA>_<NA>,<NA>_<NA>,<NA>_<NA>,<NA>_<NA>
missing_total_area; missing_coordinates; coordinates_out_of_bbox,avito,7987888588,https://www.avito.ru/lyubertsy/kvartiry/1-k._kvartira_373_m_817_et._7987888588?context=H4sIAAAAAAAA_wE_AMD_YToyOntzOjEzOiJsb2NhbFByaW9yaXR5IjtiOjA7czoxOiJ4IjtzOjE2OiJaSTJMS0lienVsRkJmNElRIjt9_3rf2D8AAAA,2026-06-07 11:17:27,2026-06-06 11:39:11,8250000.0,,,,,,,,"мкр-н Зенино ЖК Самолёт, Вертолётная ул., 42 Люберцы",1.0,0,,,,,,8.0,,,middle,0,0,2018.0,8.0,0,,monolith,flat,unknown,unknown,,unknown,unknown,unknown,unknown,,0,euro,unknown,,unknown,combined,1,0,1,0,0,0,0,,0,,0.0,0.0,none,0,0,0,0,1,0,0,0,0,0,0,0,1,0,0,0,1,1,0,0,0,1,0,0,0,0,0,0,0,none,0,0,0,0,0,0,0,0,0,none,0,0,0,0,0,0,0,0,0,0,0,0,0,0,0,0,0,0,0,256,36,description,missing,description,missing,,,,,,,,,,,,,,,,,,,,,,,,,,,,,,,,,,,,,,,,,,,,0,,"мкр-н зенино жк самолет, вертолетная ул., 42 люберцы","мкр-н зенино жк самолет, вертолетная ул.",unknown,unknown,unknown,<NA>_<NA>,<NA>_<NA>,<NA>_<NA>,<NA>_<NA>
price_too_low,avito,8125064404,https://www.avito.ru/kashira/kvartiry/dolya_2-k._kvartira_535_m_25_et._8125064404?context=H4sIAAAAAAAA_wE_AMD_YToyOntzOjEzOiJsb2NhbFByaW9yaXR5IjtiOjA7czoxOiJ4IjtzOjE2OiJtVHN0ZnR5YlhwNGxnOVpvIjt9b-OXfD8AAAA,2026-06-07 16:17:43,2026-06-06 11:51:42,600000.0,11215.0,54.83919907,38.18960953,,,,,"Московская обл., Кашира, ул. Металлургов, 1к3",2.0,0,53.5,9.0,37.5,0.1682242990654205,0.7009345794392523,2.0,5.0,0.4,middle,0,0,,,0,2.5,panel,share,unknown,unknown,,unknown,unknown,unknown,unknown,,1,cosmetic,unknown,,free_sale,separate,0,1,1,0,0,0,0,,0,,0.0,1.0,loggia,0,0,0,1,0,0,0,0,0,0,0,0,0,0,0,0,0,0,0,0,0,0,0,0,0,0,0,0,0,none,0,0,0,0,0,0,0,0,0,none,0,0,0,0,0,0,0,0,0,0,0,0,0,0,0,0,0,0,0,311,43,existing,missing,existing,existing,0.0,,0.0,28.0,225.7,1.0,2.0,178.4,1.0,2.0,95.1,1.0,3.0,242.3,1.0,3.0,181.3,1.0,13.0,173.2,1.0,5.0,245.6,1.0,1.0,365.5,1.0,0.0,,0.0,57.0,82.5,0.0,3.367295829986474,1.0986122886681098,1.0986122886681098,1.3862943611198906,1.3862943611198906,2.6390573296152584,1.791759469228055,0.6931471805599453,0.0,4.060443010546419,1,1000.0,"московская обл., кашира, ул. металлургов, 1к3","московская обл., кашира, ул. металлургов",unknown,unknown,unknown,2741_1909,5483_3818,10967_7637,27419_19094
missing_coordinates; coordinates_out_of_bbox,avito,7780685425,https://www.avito.ru/kashira/kvartiry/2-k._kvartira_487_m_29_et._7780685425?context=H4sIAAAAAAAA_wE_AMD_YToyOntzOjEzOiJsb2NhbFByaW9yaXR5IjtiOjA7czoxOiJ4IjtzOjE2OiJoYXZ1aXR4SE9oUXQyeXR4Ijt9mHNIMz8AAAA,2026-06-07 18:10:55,2026-06-06 12:03:15,5600000.0,114990.0,,,,,,,"Садовая ул., 24к2 Кашира",2.0,0,48.7,9.0,29.0,0.1848049281314168,0.595482546201232,2.0,9.0,0.2222222222222222,low,0,0,,,0,2.6,brick,flat,unknown,unknown,,electric,unknown,unknown,unknown,,0,cosmetic,unknown,,free_sale,combined,1,0,1,1,0,1,1,,0,,0.0,1.0,loggia,0,0,0,1,0,0,0,0,0,0,0,0,0,0,0,0,0,0,0,0,0,0,0,0,0,1,1,0,1,kitchen|sleeping,0,0,0,0,0,0,0,0,0,none,1,0,0,0,0,0,0,0,0,0,0,0,0,0,0,0,1,1,1,1012,140,existing,missing,existing,existing,,,,,,,,,,,,,,,,,,,,,,,,,,,,,,,,,,,,,,,,,,,,0,,"садовая ул., 24к2 кашира",садовая ул.,unknown,unknown,unknown,<NA>_<NA>,<NA>_<NA>,<NA>_<NA>,<NA>_<NA>
missing_coordinates; coordinates_out_of_bbox,avito,7942699802,https://www.avito.ru/pushkino/kvartiry/3-k._kvartira_505_m_39_et._7942699802?context=H4sIAAAAAAAA_wE_AMD_YToyOntzOjEzOiJsb2NhbFByaW9yaXR5IjtiOjA7czoxOiJ4IjtzOjE2OiJDckdibHV2RHhydE9wOFdwIjt94qCp-j8AAAA,2026-06-08 11:49:43,2026-06-06 12:10:12,6490000.0,128515.0,,,,,,,"Мкр-н Дзержинец, 28 Пушкино",3.0,0,50.5,7.0,40.0,0.1386138613861386,0.7920792079207921,3.0,9.0,0.3333333333333333,middle,0,0,1981.0,45.0,0,,panel,flat,unknown,unknown,,unknown,unknown,unknown,unknown,,0,no_repair,unknown,,free_sale,separate,0,1,1,1,0,1,1,,0,,0.0,1.0,loggia,0,0,0,1,0,0,0,0,1,0,0,0,1,0,1,0,1,1,0,0,0,1,0,0,0,0,0,0,0,none,0,0,0,0,0,0,0,0,0,none,0,0,0,0,0,0,0,0,0,1,0,0,0,0,0,0,1,0,0,578,76,existing,missing,existing,missing,,,,,,,,,,,,,,,,,,,,,,,,,,,,,,,,,,,,,,,,,,,,0,,"мкр-н дзержинец, 28 пушкино",мкр-н дзержинец,unknown,unknown,unknown,<NA>_<NA>,<NA>_<NA>,<NA>_<NA>,<NA>_<NA>
price_too_low,avito,7944012264,https://www.avito.ru/kashira/kvartiry/dolya_3-k._kvartira_504_m_11_et._7944012264?context=H4sIAAAAAAAA_wE_AMD_YToyOntzOjEzOiJsb2NhbFByaW9yaXR5IjtiOjA7czoxOiJ4IjtzOjE2OiJmQUkzN2k0T25iZzZENjFlIjt9GBKUvD8AAAA,2026-06-08 17:21:07,2026-06-06 12:23:21,160000.0,3175.0,54.73207092,38.38563919,,,,,"Московская обл., г.о. Кашира, д. Пурлово, 4",3.0,0,50.4,5.0,36.0,0.0992063492063492,0.7142857142857143,1.0,1.0,1.0,first,1,1,1961.0,65.0,0,2.3,brick,share,unknown,unknown,,unknown,unknown,unknown,unknown,,1,no_repair,unknown,,free_sale,combined,1,0,1,0,0,0,0,,0,,0.0,0.0,none,0,0,0,0,0,0,0,0,1,0,0,0,1,0,0,0,1,1,0,0,0,0,0,0,0,1,0,0,1,sleeping,0,0,0,0,0,0,0,0,0,none,0,0,0,0,0,0,0,0,0,0,0,0,0,0,0,0,0,0,0,435,53,existing,missing,existing,existing,0.0,,0.0,12.0,386.7,1.0,0.0,,0.0,0.0,,0.0,0.0,,0.0,0.0,,0.0,0.0,,0.0,3.0,121.8,1.0,0.0,,0.0,0.0,,0.0,15.0,27.0,0.0,2.5649493574615367,0.0,0.0,0.0,0.0,0.0,1.3862943611198906,0.0,0.0,2.772588722239781,1,1000.0,"московская обл., г.о. кашира, д. пурлово, 4","московская обл., г.о. кашира, д. пурлово",unknown,unknown,unknown,2736_1919,5473_3838,10946_7677,27366_19192
missing_coordinates; coordinates_out_of_bbox,avito,8030781815,https://www.avito.ru/golitsyno/kvartiry/4-k._kvartira_778_m_99_et._8030781815?context=H4sIAAAAAAAA_wE_AMD_YToyOntzOjEzOiJsb2NhbFByaW9yaXR5IjtiOjA7czoxOiJ4IjtzOjE2OiJkdGRQWGU2eEF5WkFzcUlXIjt9BsDdED8AAAA,2026-06-08 20:42:21,2026-06-06 12:29:29,13700000.0,176093.0,,,,,,,"Советская ул., 58 Голицыно",4.0,0,77.8,8.7,51.1,0.1118251928020565,0.6568123393316195,9.0,9.0,1.0,last,0,1,1981.0,45.0,0,2.7,brick,flat,unknown,comfort,2.0,electric,unknown,unknown,legalized,,0,designer,turnkey,4.0,free_sale,separate,0,1,1,1,0,1,1,7.0,0,,0.0,1.0,loggia,0,0,0,1,1,0,0,0,1,1,0,1,3,0,0,0,1,1,0,0,0,1,1,0,0,1,1,1,1,kitchen|sleeping|storage,1,1,1,1,1,1,1,0,1,ac|cooktop|dishwasher|fridge|oven|washer|water_heater,0,0,0,0,0,0,0,0,0,1,0,0,0,0,0,0,1,1,1,3030,385,existing,description,existing,existing,,,,,,,,,,,,,,,,,,,,,,,,,,,,,,,,,,,,,,,,,,,,0,,"советская ул., 58 голицыно",советская ул.,unknown,unknown,unknown,<NA>_<NA>,<NA>_<NA>,<NA>_<NA>,<NA>_<NA>
missing_total_area,avito,7315866834,https://www.avito.ru/fryazino/kvartiry/4-k._kvartira_788_m_79_et._7315866834?context=H4sIAAAAAAAA_wE_AMD_YToyOntzOjEzOiJsb2NhbFByaW9yaXR5IjtiOjA7czoxOiJ4IjtzOjE2OiJoYjFQMVM1M3g3QnJReGtmIjt9526ktj8AAAA,2026-06-08 23:46:40,2026-06-06 12:34:25,9300000.0,11802.0,55.94899464872851,38.062918795907,,,,,"Московская обл., Фрязино, ул. 60 лет СССР, 9",4.0,0,,7.0,74.5,0.0088832487309644,0.0945431472081218,7.0,9.0,0.7777777777777778,high,0,0,1983.0,43.0,0,2.7,panel,flat,unknown,unknown,,gas,unknown,unknown,unknown,,0,cosmetic,unknown,,alternative,separate,0,1,1,1,0,1,1,10.0,0,,1.0,1.0,both,0,0,1,1,0,0,0,0,0,0,0,0,0,0,0,0,1,1,0,0,0,1,1,0,0,1,1,0,0,kitchen,0,0,0,0,0,0,0,0,0,none,0,0,0,1,0,0,0,0,0,1,0,0,0,0,0,0,1,1,1,936,133,existing,missing,existing,existing,0.0,,0.0,11.0,160.1,1.0,4.0,160.6,1.0,8.0,102.0,1.0,2.0,589.6,1.0,10.0,249.7,1.0,28.0,162.6,1.0,23.0,95.7,1.0,14.0,188.5,1.0,1.0,158.6,1.0,101.0,92.0,0.0,2.4849066497880004,1.6094379124341005,2.19722457733622,1.0986122886681098,2.3978952727983707,3.367295829986474,3.1780538303479458,2.70805020110221,0.6931471805599453,4.624972813284271,1,1000.0,"московская обл., фрязино, ул. 60 лет ссср, 9","московская обл., фрязино",unknown,unknown,unknown,2797_1903,5594_3806,11189_7612,27974_19031
price_too_low,avito,8141002114,https://www.avito.ru/egorevsk/kvartiry/dolya_4-k._kvartira_698_m_23_et._8141002114?context=H4sIAAAAAAAA_wE_AMD_YToyOntzOjEzOiJsb2NhbFByaW9yaXR5IjtiOjA7czoxOiJ4IjtzOjE2OiJnTlV1eUN4NnV5dGlPZFc0Ijt9BrvwqT8AAAA,2026-06-09 00:03:34,2026-06-06 12:34:55,750000.0,10745.0,55.390619,39.02552,,,,,"Московская обл., Егорьевск, Советская ул., 29к2",4.0,0,69.8,7.0,49.0,0.1002865329512894,0.7020057306590258,2.0,3.0,0.6666666666666666,middle,0,0,,,0,,brick,share,unknown,unknown,,gas,unknown,unknown,unknown,,1,cosmetic,unknown,,free_sale,separate,0,1,1,0,0,0,0,,0,,0.0,0.0,none,0,0,0,0,0,0,0,0,0,0,0,0,0,0,0,0,0,0,0,0,0,0,0,0,0,0,0,0,0,none,0,0,0,0,0,0,0,0,0,none,0,0,0,0,0,0,0,0,0,0,0,0,0,0,0,0,1,0,0,775,111,existing,missing,existing,missing,0.0,,0.0,93.0,163.2,1.0,4.0,236.3,1.0,5.0,146.1,1.0,3.0,811.8,1.0,4.0,528.5,1.0,16.0,71.6,1.0,31.0,79.5,1.0,6.0,540.9,1.0,1.0,959.2,1.0,163.0,247.0,0.0,4.543294782270004,1.6094379124341005,1.791759469228055,1.3862943611198906,1.6094379124341005,2.833213344056216,3.4657359027997265,1.9459101490553128,0.6931471805599453,5.099866427824199,1,1000.0,"московская обл., егорьевск, советская ул., 29к2","московская обл., егорьевск, советская ул.",unknown,unknown,unknown,2769_1951,5539_3902,11078_7805,27695_19512
price_too_low,avito,8075037427,https://www.avito.ru/voskresensk/kvartiry/dolya_4-k._kvartira_76_m_512_et._8075037427?context=H4sIAAAAAAAA_wE_AMD_YToyOntzOjEzOiJsb2NhbFByaW9yaXR5IjtiOjA7czoxOiJ4IjtzOjE2OiJDS0JiMG5sZTZLZVRxUENWIjt94AqQsj8AAAA,2026-06-09 00:25:29,2026-06-06 12:35:31,799999.0,10526.0,55.270564,38.753717,,,,,"Московская обл., Воскресенск, Рабочая ул., 134",4.0,0,76.0,8.0,,0.1052631578947368,,5.0,12.0,0.4166666666666667,middle,0,0,1989.0,37.0,0,2.7,brick,share,unknown,unknown,,unknown,unknown,unknown,unknown,,1,no_repair,unknown,,free_sale,separate,0,1,1,0,0,0,0,,0,,1.0,0.0,balcony,0,0,1,0,0,1,0,0,0,0,0,0,1,0,0,0,0,0,0,0,0,0,0,0,0,0,0,0,0,none,0,0,0,0,0,0,0,0,0,none,1,0,0,0,0,0,0,0,0,0,0,0,0,0,0,0,0,0,0,842,123,existing,missing,existing,existing,0.0,,0.0,19.0,325.8,1.0,1.0,462.3,1.0,3.0,440.5,1.0,1.0,321.6,1.0,3.0,487.4,1.0,8.0,209.6,1.0,6.0,395.0,1.0,1.0,342.9,1.0,0.0,,0.0,42.0,58.5,0.0,2.995732273553991,0.6931471805599453,1.3862943611198906,0.6931471805599453,1.3862943611198906,2.19722457733622,1.9459101490553128,0.6931471805599453,0.0,3.7612001156935615,1,1000.0,"московская обл., воскресенск, рабочая ул., 134","московская обл., воскресенск, рабочая ул.",unknown,unknown,unknown,2763_1937,5527_3875,11054_7750,27635_19376
coordinates_out_of_bbox,cian,330694409,https://www.cian.ru/sale/flat/330694409/,2026-06-13 01:40:21,2026-06-13 00:28:29,7900000.0,254839.0,47.728732,41.268128,Московская область,Люберцы,мкр. Люберцы 2015 2018,Зенино ЖК Самолет микрорайон,"Московская область, Люберцы, мкр. Люберцы 2015 2018, Зенино ЖК Самолет микрорайон, ул. Вертолетная, 24",1.0,0,31.0,10.0,14.0,0.3225806451612903,0.4516129032258064,5.0,17.0,0.2941176470588235,low,0,0,2016.0,10.0,0,,brick,flat,resale,comfort,2.0,individual,reinforced_concrete,unknown,unknown,,0,cosmetic,unknown,,free_sale,combined,1,0,1,1,1,2,1,6.0,3,10.0,0.0,1.0,loggia,0,0,0,1,0,0,1,0,1,0,0,1,2,0,0,0,0,0,0,0,0,0,1,0,0,0,0,0,0,none,0,0,0,0,0,0,0,0,0,none,1,0,0,1,0,0,0,0,0,0,0,1,0,0,0,0,1,1,1,1496,217,existing,missing,existing,missing,,,,,,,,,,,,,,,,,,,,,,,,,,,,,,,,,,,,,,,,,,,,0,,"московская область, люберцы, мкр. люберцы 2015 2018, зенино жк самолет микрорайон, ул. вертолетная, 24","московская область, люберцы, зенино жк самолет микрорайон",unknown,ул. вертолетная,некрасовка (6 мин.),2386_2063,4772_4126,9545_8253,23864_20634
coordinates_out_of_bbox,cian,327731763,https://www.cian.ru/sale/flat/327731763/,2026-06-13 02:51:18,2026-06-13 00:37:06,15381000.0,209779.0,47.728732,41.268128,Московская область,Дмитровский муниципальный округ,Озерецкое село,Дружба квартал,"Московская область, Дмитровский муниципальный округ, Озерецкое село, Дружба квартал",2.0,0,73.32,16.9,37.2,0.2304964539007092,0.507364975450082,5.0,5.0,1.0,last,0,1,2027.0,-1.0,1,2.7,brick,flat,new_building,comfort,2.0,central,unknown,unknown,none,,0,no_repair,rough,1.0,ddu,unknown,0,0,0,0,3,3,1,19.0,3,24.0,0.0,0.0,none,0,0,0,0,0,0,1,0,0,1,0,0,2,0,0,0,0,0,0,0,0,1,0,0,0,1,0,1,0,storage,0,0,0,0,0,0,0,0,0,none,0,0,0,0,0,0,1,0,0,0,0,0,0,1,0,0,1,1,1,1866,273,description,existing,existing,description,,,,,,,,,,,,,,,,,,,,,,,,,,,,,,,,,,,,,,,,,,,,0,,"московская область, дмитровский муниципальный округ, озерецкое село, дружба квартал","московская область, дмитровский муниципальный округ, озерецкое село",unknown,unknown,лобня (20 мин.),2386_2063,4772_4126,9545_8253,23864_20634
missing_coordinates; coordinates_out_of_bbox,cian,330557633,https://www.cian.ru/sale/flat/330557633/,2026-06-13 04:18:26,2026-06-13 00:47:09,22631160.0,277003.0,,,Московская область,Красногорск городской округ,Отрадное пгт,Левел Лесной жилой комплекс,"Московская область, Красногорск городской округ, Отрадное пгт, Левел Лесной жилой комплекс",3.0,0,81.7,16.4,41.2,0.2007343941248469,0.5042839657282742,10.0,14.0,0.7142857142857143,high,0,0,2027.0,-1.0,1,2.72,monolith,flat,new_building,comfort,2.0,gas,unknown,unknown,none,,0,euro,prefinish,2.0,ddu,mixed,1,1,2,1,0,1,1,6.0,3,7.0,0.0,1.0,loggia,0,0,0,1,0,0,1,0,0,0,0,0,1,1,0,0,0,0,0,0,0,0,0,0,0,0,0,0,0,none,0,0,0,0,0,0,0,0,0,none,1,0,0,0,0,0,1,0,0,0,0,0,0,0,0,0,1,1,1,2842,385,description,existing,existing,existing,,,,,,,,,,,,,,,,,,,,,,,,,,,,,,,,,,,,,,,,,,,,0,,"московская область, красногорск городской округ, отрадное пгт, левел лесной жилой комплекс","московская область, красногорск городской округ, отрадное пгт",unknown,unknown,пятницкое шоссе (6 мин.),<NA>_<NA>,<NA>_<NA>,<NA>_<NA>,<NA>_<NA>
missing_coordinates; coordinates_out_of_bbox,cian,292593706,https://www.cian.ru/sale/flat/292593706/,2026-06-13 04:49:32,2026-06-13 00:50:09,25499990.0,247813.0,,,Московская область,Ленинский городской округ,Битца поселок,Южная Битца жилой комплекс,"Московская область, Ленинский городской округ, Битца поселок, Южная Битца жилой комплекс, бул. Южный, 4",4.0,0,102.9,12.5,66.6,0.1214771622934888,0.6472303206997083,14.0,20.0,0.7,high,0,0,2021.0,5.0,0,2.7,panel,flat,resale,unknown,,individual,reinforced_concrete,unknown,none,,0,designer,unknown,,free_sale,combined,2,0,2,1,1,2,1,5.0,3,3.0,1.0,0.0,balcony,0,0,1,0,0,0,0,0,0,0,0,0,0,0,0,1,0,0,0,0,0,0,0,1,0,0,0,0,0,none,0,0,0,0,0,0,0,0,0,none,0,0,0,1,0,0,0,0,0,0,0,0,0,0,0,0,0,0,0,53,7,existing,missing,existing,existing,,,,,,,,,,,,,,,,,,,,,,,,,,,,,,,,,,,,,,,,,,,,0,,"московская область, ленинский городской округ, битца поселок, южная битца жилой комплекс, бул. южный, 4","московская область, ленинский городской округ, битца поселок",unknown,бул. южный,бульвар дмитрия донского (6 мин.),<NA>_<NA>,<NA>_<NA>,<NA>_<NA>,<NA>_<NA>
missing_coordinates; coordinates_out_of_bbox,cian,327426529,https://www.cian.ru/sale/flat/327426529/,2026-06-13 05:45:02,2026-06-13 00:56:48,5560000.0,258605.0,,,Московская область,Мытищи,Белый Град жилой комплекс,к12.1,"Московская область, Мытищи, Белый Град жилой комплекс, к12.1",0.0,1,21.5,5.0,9.7,0.2325581395348837,0.4511627906976744,9.0,17.0,0.5294117647058824,middle,0,0,2026.0,0.0,1,2.82,monolith,flat,new_building,comfort,2.0,unknown,unknown,unknown,exists,,0,unknown,no_finish,0.0,ddu,mixed,1,1,2,1,6,7,1,11.0,3,4.0,0.0,0.0,none,0,0,0,0,0,0,0,0,0,0,0,0,0,0,0,1,0,0,0,0,0,0,1,0,0,0,0,0,0,none,0,0,0,0,0,0,0,0,0,none,0,0,0,0,0,0,0,0,0,0,0,0,0,0,0,1,1,1,1,2230,309,missing,existing,existing,existing,,,,,,,,,,,,,,,,,,,,,,,,,,,,,,,,,,,,,,,,,,,,0,,"московская область, мытищи, белый град жилой комплекс, к12.1","московская область, мытищи, белый град жилой комплекс",unknown,unknown,медведково (11 мин.),<NA>_<NA>,<NA>_<NA>,<NA>_<NA>,<NA>_<NA>
missing_coordinates; coordinates_out_of_bbox,cian,330557504,https://www.cian.ru/sale/flat/330557504/,2026-06-13 06:04:18,2026-06-13 00:58:59,7424744.0,362183.0,,,Московская область,Красногорск городской округ,Отрадное пгт,Левел Лесной жилой комплекс,"Московская область, Красногорск городской округ, Отрадное пгт, Левел Лесной жилой комплекс, 26/3",0.0,1,20.5,5.0,9.2,0.2439024390243902,0.448780487804878,4.0,15.0,0.2666666666666666,low,0,0,2027.0,-1.0,1,2.72,monolith,flat,new_building,comfort,2.0,gas,unknown,unknown,none,,0,euro,no_finish,0.0,ddu,combined,1,0,1,1,0,1,1,6.0,3,7.0,0.0,0.0,none,0,0,0,0,0,0,1,0,0,0,0,0,1,1,0,0,0,0,0,0,0,0,0,0,0,0,0,0,0,none,0,0,0,0,0,0,0,0,0,none,1,0,0,0,0,0,0,0,0,0,0,0,0,0,0,0,1,1,1,2812,383,description,existing,existing,existing,,,,,,,,,,,,,,,,,,,,,,,,,,,,,,,,,,,,,,,,,,,,0,,"московская область, красногорск городской округ, отрадное пгт, левел лесной жилой комплекс, 26/3","московская область, красногорск городской округ, отрадное пгт",unknown,26/3,пятницкое шоссе (6 мин.),<NA>_<NA>,<NA>_<NA>,<NA>_<NA>,<NA>_<NA>
missing_coordinates; coordinates_out_of_bbox,cian,330557580,https://www.cian.ru/sale/flat/330557580/,2026-06-13 06:17:51,2026-06-13 01:00:33,9975889.0,348807.0,,,Московская область,Красногорск городской округ,Отрадное пгт,Левел Лесной жилой комплекс,"Московская область, Красногорск городской округ, Отрадное пгт, Левел Лесной жилой комплекс, к24/1",0.0,1,28.6,5.0,18.2,0.1748251748251748,0.6363636363636364,15.0,15.0,1.0,last,0,1,2027.0,-1.0,1,2.8,monolith,flat,new_building,comfort,2.0,gas,unknown,unknown,none,,0,euro,no_finish,0.0,ddu,combined,1,0,1,1,1,2,1,6.0,3,7.0,0.0,1.0,loggia,0,0,0,1,0,0,1,0,0,0,0,0,1,1,0,0,0,0,0,0,0,0,0,0,0,0,0,0,0,none,0,0,0,0,0,0,0,0,0,none,1,0,0,0,0,0,1,0,0,0,0,0,0,0,0,0,1,1,1,2816,383,description,existing,existing,existing,,,,,,,,,,,,,,,,,,,,,,,,,,,,,,,,,,,,,,,,,,,,0,,"московская область, красногорск городской округ, отрадное пгт, левел лесной жилой комплекс, к24/1","московская область, красногорск городской округ, отрадное пгт",unknown,к24/1,пятницкое шоссе (6 мин.),<NA>_<NA>,<NA>_<NA>,<NA>_<NA>,<NA>_<NA>
