row_index,split
0,train
1,train
2,train
3,valid
4,train
5,train
6,train
7,valid
8,test
9,train
10,train
11,train
12,test
13,train
14,test
15,test
16,valid
17,test
18,train
19,train
20,train
21,train
22,train
23,test
24,train
25,train
26,train
27,valid
28,train
29,test
30,test
31,train
32,valid
33,test
34,train
35,train
36,valid
37,test
38,train
39,train
40,valid
41,train
42,valid
43,train
44,test
45,train
46,train
47,test
48,train
49,train
50,valid
51,train
52,train
53,train
54,train
55,train
56,train
57,train
58,valid
59,train
60,train
61,train
62,train
63,test
64,train
65,test
66,valid
67,valid
68,train
69,test
70,train
71,test
72,train
73,train
74,train
75,train
76,train
77,train
78,valid
79,test
80,test
81,train
82,valid
83,train
84,test
85,train
86,train
87,train
88,test
89,train
90,test
91,train
92,train
93,test
94,train
95,valid
96,valid
97,train
98,train
99,valid
100,test
101,test
102,test
103,train
104,train
105,train
106,test
107,test
108,valid
109,test
110,test
111,valid
112,train
113,train
114,train
115,train
116,valid
117,train
118,train
119,train
120,train
121,test
122,train
123,train
124,test
125,valid
126,train
127,train
128,train
129,train
130,train
131,train
132,test
133,train
134,train
135,test
136,valid
137,train
138,train
139,train
140,train
141,train
142,test
143,valid
144,test
145,train
146,train
147,train
148,train
149,test
150,valid
151,test
152,valid
153,valid
154,train
155,valid
156,test
157,test
158,train
159,valid
160,train
161,train
162,train
163,train
164,train
165,train
166,train
167,test
168,test
169,train
170,train
171,train
172,train
173,train
174,train
175,valid
176,train
177,test
178,valid
179,test
180,valid
181,test
182,train
183,test
184,train
185,test
186,train
187,train
188,train
189,train
190,train
191,train
192,valid
193,train
194,valid
195,train
196,train
197,train
198,test
199,test
200,valid
201,train
202,train
203,valid
204,train
205,train
206,train
207,valid
208,test
209,train
210,train
211,train
212,train
213,train
214,train
215,train
216,train
217,train
218,train
219,train
220,train
221,test
222,train
223,valid
224,train
225,train
226,train
227,test
228,test
229,train
230,test
231,train
232,valid
233,test
234,valid
235,train
236,train
237,train
238,train
239,test
240,test
241,train
242,train
243,train
244,valid
245,test
246,train
247,test
248,test
249,train
250,train
251,test
252,valid
253,train
254,test
255,train
256,train
257,valid
258,train
259,test
260,train
261,train
262,train
263,test
264,train
265,valid
266,valid
267,train
268,train
269,valid
270,train
271,train
272,test
273,train
274,valid
275,train
276,train
277,train
278,train
279,test
280,train
281,train
282,train
283,train
284,valid
285,train
286,test
287,train
288,valid
289,train
290,test
291,train
292,test
293,test
294,train
295,train
296,test
297,test
298,train
299,train
300,train
301,train
302,train
303,train
304,train
305,train
306,train
307,test
308,test
309,valid
310,train
311,train
312,valid
313,train
314,train
315,test
316,train
317,train
318,valid
319,test
320,train
321,valid
322,train
323,train
324,test
325,test
326,train
327,valid
328,valid
329,train
330,valid
331,train
332,train
333,test
334,train
335,train
336,test
337,train
338,train
339,train
340,train
341,train
342,valid
343,train
344,test
345,train
346,test
347,train
348,train
349,train
350,train
351,test
352,train
353,valid
354,test
355,valid
356,train
357,valid
358,train
359,train
360,train
361,train
362,train
363,valid
364,train
365,train
366,train
367,test
368,train
369,train
370,train
371,test
372,train
373,test
374,train
375,train
376,valid
377,valid
378,train
379,train
380,test
381,test
382,train
383,train
384,train
385,valid
386,train
387,train
388,train
389,train
390,valid
391,valid
392,train
393,test
394,train
395,train
396,train
397,train
398,train
399,train
400,train
401,test
402,valid
403,valid
404,train
405,train
406,train
407,valid
408,test
409,train
410,test
411,train
412,valid
413,train
414,test
415,train
416,test
417,train
418,test
419,valid
420,test
421,train
422,test
423,train
424,train
425,test
426,test
427,valid
428,train
429,train
430,train
431,train
432,test
433,valid
434,train
435,train
436,train
437,test
438,test
439,test
440,train
441,train
442,train
443,test
444,valid
445,test
446,valid
447,test
448,train
449,train
450,train
451,train
452,test
453,test
454,train
455,valid
456,valid
457,train
458,train
459,train
460,valid
461,train
462,train
463,train
464,train
465,test
466,train
467,train
468,test
469,train
470,train
471,test
472,test
473,test
474,valid
475,train
476,train
477,train
478,test
479,train
480,train
481,train
482,train
483,valid
484,train
485,test
486,test
487,train
488,valid
489,train
490,train
491,test
492,valid
493,train
494,valid
495,train
496,train
497,test
498,valid
499,train
500,train
501,test
502,train
503,train
504,train
505,test
506,test
507,train
508,train
509,train
510,train
511,train
512,train
513,valid
514,train
515,train
516,train
517,train
518,valid
519,valid
520,train
521,train
522,train
523,train
524,train
525,train
526,train
527,valid
528,train
529,train
530,test
531,train
532,train
533,train
534,test
535,test
536,train
537,train
538,test
539,train
540,train
541,train
542,train
543,train
544,test
545,train
546,train
547,train
548,train
549,test
550,train
551,train
552,train
553,test
554,train
555,test
556,train
557,train
558,train
559,valid
560,train
561,test
562,train
563,train
564,test
565,test
566,train
567,train
568,valid
569,train
570,train
571,train
572,train
573,valid
574,train
575,train
576,test
577,test
578,train
579,train
580,train
581,train
582,valid
583,train
584,test
585,train
586,test
587,train
588,train
589,test
590,valid
591,valid
592,train
593,train
594,train
595,valid
596,train
597,train
598,test
599,test
600,train
601,train
602,train
603,train
604,test
605,test
606,valid
607,train
608,train
609,train
610,train
611,test
612,train
613,test
614,valid
615,valid
616,train
617,train
618,train
619,valid
620,train
621,train
622,test
623,train
624,test
625,test
626,test
627,test
628,train
629,valid
630,train
631,valid
632,train
633,train
634,train
635,train
636,valid
637,train
638,train
639,train
640,train
641,train
642,test
643,train
644,train
645,train
646,train
647,train
648,train
649,train
650,train
651,valid
652,train
653,train
654,test
655,test
656,train
657,valid
658,train
659,train
660,train
661,train
662,valid
663,train
664,train
665,train
666,train
667,train
668,valid
669,train
670,train
671,valid
672,train
673,valid
674,train
675,train
676,test
677,train
678,valid
679,train
680,train
681,test
682,train
683,test
684,train
685,train
686,train
687,train
688,train
689,train
690,valid
691,test
692,train
693,train
694,train
695,valid
696,test
697,train
698,train
699,train
700,valid
701,train
702,train
703,valid
704,train
705,test
706,test
707,train
708,valid
709,train
710,train
711,test
712,test
713,train
714,train
715,valid
716,train
717,train
718,valid
719,train
720,train
721,test
722,train
723,train
724,test
725,valid
726,train
727,train
728,valid
729,valid
730,test
731,train
732,valid
733,train
734,test
735,train
736,train
737,test
738,train
739,train
740,train
741,valid
742,test
743,train
744,train
745,train
746,test
747,test
748,test
749,train
750,train
751,test
752,valid
753,train
754,train
755,test
756,train
757,train
758,train
759,train
760,train
761,train
762,train
763,test
764,test
765,test
766,train
767,train
768,valid
769,train
770,train
771,valid
772,valid
773,train
774,train
775,train
776,test
777,train
778,valid
779,train
780,train
781,train
782,train
783,test
784,valid
785,train
786,train
787,test
788,valid
789,test
790,train
791,train
792,valid
793,valid
794,test
795,train
796,train
797,valid
798,train
799,train
800,test
801,train
802,train
803,valid
804,train
805,test
806,valid
807,test
808,test
809,test
810,test
811,test
812,test
813,train
814,train
815,valid
816,train
817,valid
818,train
819,valid
820,train
821,train
822,train
823,train
824,train
825,train
826,train
827,train
828,train
829,test
830,train
831,valid
832,train
833,train
834,train
835,train
836,valid
837,train
838,valid
839,valid
840,train
841,train
842,train
843,train
844,train
845,train
846,train
847,train
848,test
849,train
850,train
851,train
852,train
853,valid
854,train
855,valid
856,train
857,train
858,valid
859,train
860,valid
861,test
862,train
863,train
864,train
865,test
866,train
867,train
868,train
869,train
870,valid
871,train
872,valid
873,train
874,train
875,valid
876,train
877,test
878,train
879,test
880,train
881,test
882,valid
883,train
884,train
885,train
886,train
887,train
888,train
889,test
890,train
891,valid
892,train
893,test
894,train
895,valid
896,test
897,train
898,valid
899,train
900,train
901,train
902,train
903,test
904,valid
905,train
906,train
907,test
908,train
909,train
910,train
911,test
912,valid
913,train
914,train
915,test
916,train
917,train
918,train
919,train
920,valid
921,train
922,train
923,train
924,train
925,test
926,test
927,train
928,valid
929,valid
930,train
931,train
932,test
933,valid
934,train
935,valid
936,train
937,train
938,train
939,train
940,train
941,train
942,train
943,train
944,test
945,train
946,valid
947,valid
948,train
949,valid
950,train
951,valid
952,test
953,train
954,valid
955,valid
956,valid
957,valid
958,train
959,train
960,test
961,train
962,train
963,valid
964,test
965,train
966,train
967,train
968,train
969,test
970,train
971,train
972,train
973,train
974,train
975,valid
976,valid
977,test
978,test
979,train
980,train
981,train
982,train
983,train
984,train
985,train
986,train
987,train
988,train
989,valid
990,train
991,train
992,train
993,train
994,test
995,train
996,test
997,train
998,train
999,train
1000,train
1001,train
1002,test
1003,valid
1004,train
1005,train
1006,train
1007,train
1008,train
1009,train
1010,train
1011,train
1012,train
1013,train
1014,train
1015,valid
1016,train
1017,train
1018,train
1019,train
1020,test
1021,valid
1022,test
1023,train
1024,train
1025,test
1026,valid
1027,test
1028,train
1029,train
1030,train
1031,train
1032,test
1033,test
1034,train
1035,train
1036,valid
1037,valid
1038,test
1039,test
1040,train
1041,train
1042,test
1043,train
1044,test
1045,train
1046,test
1047,test
1048,train
1049,test
1050,train
1051,train
1052,train
1053,train
1054,train
1055,test
1056,train
1057,test
1058,valid
1059,train
1060,train
1061,train
1062,train
1063,train
1064,train
1065,train
1066,train
1067,train
1068,train
1069,train
1070,train
1071,valid
1072,train
1073,test
1074,test
1075,test
1076,train
1077,train
1078,train
1079,train
1080,train
1081,train
1082,train
1083,train
1084,test
1085,valid
1086,test
1087,train
1088,valid
1089,train
1090,test
1091,train
1092,train
1093,train
1094,test
1095,test
1096,valid
1097,test
1098,train
1099,train
1100,train
1101,test
1102,train
1103,test
1104,train
1105,train
1106,train
1107,train
1108,test
1109,test
1110,train
1111,train
1112,valid
1113,train
1114,train
1115,train
1116,valid
1117,test
1118,train
1119,valid
1120,train
1121,test
1122,train
1123,train
1124,train
1125,train
1126,train
1127,train
1128,test
1129,test
1130,train
1131,valid
1132,train
1133,train
1134,train
1135,train
1136,train
1137,valid
1138,train
1139,valid
1140,train
1141,valid
1142,test
1143,train
1144,test
1145,train
1146,train
1147,train
1148,train
1149,valid
1150,train
1151,train
1152,train
1153,valid
1154,train
1155,train
1156,train
1157,train
1158,test
1159,train
1160,valid
1161,test
1162,train
1163,test
1164,train
1165,train
1166,train
1167,train
1168,test
1169,train
1170,test
1171,train
1172,test
1173,test
1174,train
1175,test
1176,test
1177,train
1178,train
1179,train
1180,train
1181,test
1182,train
1183,test
1184,train
1185,train
1186,test
1187,train
1188,test
1189,train
1190,train
1191,train
1192,train
1193,test
1194,test
1195,train
1196,valid
1197,test
1198,valid
1199,test
1200,valid
1201,train
1202,valid
1203,train
1204,test
1205,train
1206,valid
1207,train
1208,valid
1209,test
1210,valid
1211,train
1212,test
1213,train
1214,train
1215,test
1216,train
1217,valid
1218,valid
1219,test
1220,test
1221,train
1222,valid
1223,test
1224,valid
1225,train
1226,train
1227,train
1228,valid
1229,train
1230,train
1231,valid
1232,train
1233,train
1234,train
1235,test
1236,train
1237,train
1238,train
1239,train
1240,train
1241,valid
1242,test
1243,train
1244,test
1245,valid
1246,train
1247,train
1248,train
1249,train
1250,train
1251,train
1252,valid
1253,train
1254,train
1255,train
1256,train
1257,valid
1258,train
1259,train
1260,train
1261,test
1262,train
1263,train
1264,train
1265,train
1266,valid
1267,valid
1268,test
1269,valid
1270,valid
1271,train
1272,test
1273,train
1274,train
1275,valid
1276,train
1277,train
1278,train
1279,train
1280,train
1281,test
1282,train
1283,train
1284,valid
1285,valid
1286,train
1287,test
1288,valid
1289,train
1290,train
1291,valid
1292,valid
1293,valid
1294,train
1295,test
1296,valid
1297,test
1298,train
1299,train
1300,train
1301,valid
1302,test
1303,train
1304,train
1305,train
1306,train
1307,train
1308,train
1309,valid
1310,test
1311,train
1312,valid
1313,valid
1314,train
1315,test
1316,train
1317,train
1318,train
1319,test
1320,train
1321,test
1322,test
1323,valid
1324,train
1325,train
1326,train
1327,train
1328,test
1329,train
1330,test
1331,train
1332,train
1333,train
1334,valid
1335,test
1336,train
1337,valid
1338,train
1339,valid
1340,train
1341,train
1342,train
1343,train
1344,test
1345,test
1346,train
1347,train
1348,train
1349,train
1350,test
1351,test
1352,train
1353,valid
1354,train
1355,train
1356,train
1357,valid
1358,train
1359,valid
1360,train
1361,valid
1362,test
1363,train
1364,train
1365,valid
1366,train
1367,train
1368,valid
1369,train
1370,test
1371,test
1372,train
1373,train
1374,test
1375,train
1376,valid
1377,valid
1378,train
1379,test
1380,train
1381,train
1382,valid
1383,test
1384,train
1385,train
1386,valid
1387,train
1388,train
1389,train
1390,train
1391,train
1392,train
1393,test
1394,valid
1395,valid
1396,valid
1397,test
1398,train
1399,train
1400,test
1401,train
1402,valid
1403,train
1404,train
1405,valid
1406,test
1407,train
1408,train
1409,valid
1410,train
1411,test
1412,valid
1413,train
1414,valid
1415,train
1416,train
1417,valid
1418,train
1419,test
1420,test
1421,test
1422,train
1423,train
1424,valid
1425,test
1426,valid
1427,train
1428,train
1429,train
1430,train
1431,train
1432,train
1433,test
1434,train
1435,train
1436,test
1437,valid
1438,test
1439,train
1440,train
1441,train
1442,train
1443,train
1444,valid
1445,train
1446,valid
1447,train
1448,test
1449,train
1450,train
1451,train
1452,train
1453,train
1454,test
1455,valid
1456,train
1457,train
1458,train
1459,train
1460,train
1461,valid
1462,train
1463,train
1464,train
1465,train
1466,valid
1467,train
1468,test
1469,train
1470,train
1471,test
1472,valid
1473,train
1474,train
1475,valid
1476,valid
1477,test
1478,valid
1479,valid
1480,train
1481,valid
1482,train
1483,test
1484,valid
1485,test
1486,train
1487,test
1488,train
1489,train
1490,train
1491,train
1492,train
1493,train
1494,train
1495,train
1496,valid
1497,valid
1498,test
1499,test
1500,train
1501,test
1502,train
1503,train
1504,train
1505,train
1506,train
1507,test
1508,valid
1509,test
1510,train
1511,train
1512,train
1513,test
1514,test
1515,train
1516,valid
1517,train
1518,train
1519,train
1520,test
1521,train
1522,train
1523,train
1524,train
1525,train
1526,valid
1527,train
1528,train
1529,valid
1530,train
1531,valid
1532,test
1533,valid
1534,train
1535,test
1536,test
1537,valid
1538,train
1539,valid
1540,train
1541,train
1542,train
1543,test
1544,test
1545,test
1546,train
1547,valid
1548,train
1549,valid
1550,test
1551,train
1552,valid
1553,train
1554,valid
1555,valid
1556,train
1557,test
1558,train
1559,test
1560,train
1561,train
1562,test
1563,train
1564,test
1565,train
1566,valid
1567,train
1568,train
1569,test
1570,train
1571,train
1572,train
1573,train
1574,train
1575,valid
1576,train
1577,train
1578,train
1579,valid
1580,test
1581,train
1582,train
1583,train
1584,train
1585,train
1586,test
1587,train
1588,train
1589,valid
1590,train
1591,train
1592,train
1593,train
1594,train
1595,test
1596,train
1597,train
1598,train
1599,test
1600,test
1601,train
1602,valid
1603,train
1604,valid
1605,train
1606,train
1607,train
1608,test
1609,test
1610,train
1611,test
1612,test
1613,train
1614,train
1615,train
1616,train
1617,test
1618,test
1619,train
1620,test
1621,train
1622,train
1623,train
1624,train
1625,train
1626,train
1627,valid
1628,train
1629,train
1630,test
1631,valid
1632,test
1633,train
1634,test
1635,train
1636,train
1637,train
1638,train
1639,valid
1640,train
1641,train
1642,valid
1643,test
1644,valid
1645,train
1646,train
1647,test
1648,train
1649,train
1650,test
1651,train
1652,test
1653,train
1654,test
1655,train
1656,train
1657,test
1658,train
1659,train
1660,train
1661,train
1662,train
1663,valid
1664,train
1665,train
1666,valid
1667,valid
1668,valid
1669,test
1670,test
1671,train
1672,valid
1673,valid
1674,train
1675,train
1676,train
1677,train
1678,train
1679,train
1680,train
1681,train
1682,valid
1683,train
1684,test
1685,train
1686,valid
1687,train
1688,train
1689,train
1690,train
1691,train
1692,train
1693,valid
1694,test
1695,test
1696,train
1697,train
1698,train
1699,test
1700,test
1701,train
1702,train
1703,train
1704,train
1705,train
1706,train
1707,train
1708,train
1709,train
1710,valid
1711,train
1712,train
1713,train
1714,train
1715,train
1716,valid
1717,train
1718,train
1719,valid
1720,train
1721,test
1722,train
1723,train
1724,train
1725,valid
1726,test
1727,train
1728,train
1729,test
1730,test
1731,valid
1732,train
1733,train
1734,train
1735,train
1736,train
1737,train
1738,train
1739,train
1740,train
1741,test
1742,train
1743,train
1744,test
1745,test
1746,train
1747,test
1748,train
1749,train
1750,train
1751,train
1752,train
1753,train
1754,train
1755,test
1756,test
1757,train
1758,train
1759,train
1760,train
1761,valid
1762,train
1763,train
1764,train
1765,train
1766,train
1767,train
1768,train
1769,test
1770,test
1771,train
1772,valid
1773,test
1774,train
1775,train
1776,train
1777,train
1778,train
1779,test
1780,test
1781,train
1782,train
1783,train
1784,train
1785,train
1786,test
1787,train
1788,test
1789,test
1790,train
1791,train
1792,train
1793,train
1794,train
1795,train
1796,train
1797,train
1798,train
1799,valid
1800,train
1801,train
1802,train
1803,test
1804,train
1805,train
1806,train
1807,train
1808,train
1809,train
1810,train
1811,train
1812,train
1813,train
1814,train
1815,train
1816,train
1817,test
1818,train
1819,train
1820,train
1821,valid
1822,train
1823,train
1824,train
1825,train
1826,train
1827,train
1828,train
1829,train
1830,valid
1831,test
1832,test
1833,train
1834,train
1835,test
1836,train
1837,test
1838,train
1839,test
1840,test
1841,valid
1842,train
1843,train
1844,test
1845,train
1846,train
1847,train
1848,valid
1849,train
1850,train
1851,train
1852,valid
1853,train
1854,valid
1855,train
1856,train
1857,train
1858,valid
1859,train
1860,train
1861,train
1862,test
1863,train
1864,test
1865,train
1866,train
1867,test
1868,train
1869,test
1870,test
1871,valid
1872,train
1873,train
1874,train
1875,train
1876,test
1877,train
1878,valid
1879,test
1880,valid
1881,test
1882,valid
1883,test
1884,train
1885,train
1886,test
1887,train
1888,test
1889,train
1890,train
1891,train
1892,test
1893,valid
1894,train
1895,train
1896,train
1897,valid
1898,train
1899,valid
1900,valid
1901,valid
1902,train
1903,train
1904,valid
1905,test
1906,train
1907,train
1908,train
1909,train
1910,train
1911,train
1912,test
1913,train
1914,train
1915,train
1916,train
1917,valid
1918,train
1919,test
1920,valid
1921,test
1922,train
1923,train
1924,train
1925,train
1926,train
1927,train
1928,valid
1929,train
1930,train
1931,train
1932,train
1933,train
1934,train
1935,valid
1936,train
1937,train
1938,train
1939,train
1940,train
1941,train
1942,train
1943,valid
1944,valid
1945,train
1946,train
1947,train
1948,train
1949,train
1950,valid
1951,test
1952,train
1953,valid
1954,valid
1955,train
1956,train
1957,train
1958,valid
1959,train
1960,train
1961,train
1962,test
1963,train
1964,test
1965,test
1966,test
1967,valid
1968,train
1969,train
1970,train
1971,test
1972,train
1973,train
1974,train
1975,train
1976,train
1977,train
1978,test
1979,train
1980,train
1981,train
1982,train
1983,train
1984,valid
1985,train
1986,train
1987,train
1988,valid
1989,train
1990,valid
1991,train
1992,test
1993,train
1994,train
1995,train
1996,train
1997,train
1998,train
1999,train
2000,train
2001,valid
2002,test
2003,train
2004,test
2005,train
2006,train
2007,train
2008,test
2009,train
2010,valid
2011,train
2012,valid
2013,train
2014,train
2015,train
2016,train
2017,train
2018,train
2019,train
2020,train
2021,train
2022,test
2023,train
2024,train
2025,test
2026,train
2027,train
2028,valid
2029,valid
2030,train
2031,test
2032,train
2033,valid
2034,train
2035,train
2036,valid
2037,train
2038,valid
2039,valid
2040,train
2041,train
2042,test
2043,train
2044,train
2045,test
2046,train
2047,train
2048,valid
2049,train
2050,train
2051,train
2052,train
2053,train
2054,train
2055,valid
2056,train
2057,train
2058,train
2059,valid
2060,valid
2061,train
2062,train
2063,train
2064,train
2065,valid
2066,train
2067,test
2068,train
2069,train
2070,train
2071,train
2072,train
2073,train
2074,train
2075,train
2076,train
2077,valid
2078,train
2079,valid
2080,test
2081,train
2082,train
2083,train
2084,valid
2085,train
2086,test
2087,train
2088,train
2089,train
2090,train
2091,train
2092,train
2093,train
2094,train
2095,train
2096,valid
2097,train
2098,test
2099,test
2100,train
2101,train
2102,train
2103,train
2104,test
2105,train
2106,valid
2107,test
2108,valid
2109,valid
2110,valid
2111,train
2112,train
2113,train
2114,test
2115,test
2116,train
2117,valid
2118,test
2119,train
2120,train
2121,train
2122,train
2123,train
2124,test
2125,train
2126,valid
2127,train
2128,train
2129,train
2130,train
2131,test
2132,train
2133,test
2134,train
2135,train
2136,train
2137,valid
2138,train
2139,valid
2140,valid
2141,train
2142,test
2143,train
2144,train
2145,train
2146,valid
2147,train
2148,train
2149,train
2150,train
2151,train
2152,train
2153,valid
2154,test
2155,train
2156,train
2157,train
2158,train
2159,train
2160,train
2161,train
2162,valid
2163,test
2164,test
2165,valid
2166,train
2167,test
2168,train
2169,train
2170,test
2171,valid
2172,train
2173,test
2174,valid
2175,train
2176,train
2177,train
2178,valid
2179,train
2180,train
2181,train
2182,train
2183,train
2184,train
2185,train
2186,train
2187,train
2188,valid
2189,valid
2190,train
2191,valid
2192,train
2193,valid
2194,train
2195,test
2196,train
2197,test
2198,train
2199,train
2200,train
2201,train
2202,train
2203,train
2204,train
2205,train
2206,train
2207,train
2208,train
2209,test
2210,test
2211,train
2212,valid
2213,train
2214,train
2215,test
2216,train
2217,train
2218,test
2219,train
2220,train
2221,valid
2222,valid
2223,test
2224,train
2225,train
2226,train
2227,valid
2228,train
2229,train
2230,train
2231,train
2232,train
2233,test
2234,train
2235,train
2236,test
2237,valid
2238,train
2239,train
2240,test
2241,train
2242,train
2243,train
2244,test
2245,test
2246,train
2247,valid
2248,train
2249,train
2250,valid
2251,test
2252,valid
2253,train
2254,train
2255,train
2256,train
2257,train
2258,train
2259,test
2260,train
2261,train
2262,train
2263,test
2264,test
2265,train
2266,train
2267,train
2268,test
2269,train
2270,train
2271,train
2272,train
2273,test
2274,valid
2275,test
2276,train
2277,train
2278,train
2279,train
2280,train
2281,train
2282,train
2283,valid
2284,train
2285,train
2286,train
2287,train
2288,test
2289,valid
2290,valid
2291,test
2292,test
2293,train
2294,train
2295,train
2296,train
2297,train
2298,train
2299,test
2300,valid
2301,train
2302,test
2303,valid
2304,test
2305,train
2306,test
2307,train
2308,valid
2309,train
2310,train
2311,train
2312,test
2313,test
2314,test
2315,train
2316,test
2317,test
2318,test
2319,train
2320,valid
2321,test
2322,train
2323,train
2324,train
2325,train
2326,train
2327,train
2328,test
2329,train
2330,test
2331,train
2332,train
2333,test
2334,valid
2335,train
2336,train
2337,test
2338,train
2339,test
2340,valid
2341,valid
2342,train
2343,train
2344,train
2345,train
2346,train
2347,test
2348,test
2349,train
2350,test
2351,train
2352,train
2353,train
2354,train
2355,train
2356,train
2357,train
2358,test
2359,train
2360,train
2361,train
2362,train
2363,train
2364,train
2365,train
2366,test
2367,train
2368,train
2369,valid
2370,test
2371,train
2372,train
2373,test
2374,train
2375,train
2376,train
2377,train
2378,test
2379,train
2380,train
2381,valid
2382,train
2383,train
2384,valid
2385,train
2386,train
2387,test
2388,test
2389,test
2390,train
2391,train
2392,valid
2393,train
2394,valid
2395,train
2396,train
2397,train
2398,train
2399,train
2400,train
2401,train
2402,valid
2403,valid
2404,train
2405,train
2406,train
2407,train
2408,valid
2409,train
2410,test
2411,train
2412,test
2413,train
2414,test
2415,train
2416,valid
2417,test
2418,test
2419,train
2420,train
2421,valid
2422,train
2423,train
2424,train
2425,train
2426,train
2427,train
2428,train
2429,train
2430,train
2431,test
2432,train
2433,train
2434,train
2435,train
2436,train
2437,train
2438,train
2439,test
2440,valid
2441,train
2442,train
2443,train
2444,valid
2445,test
2446,valid
2447,train
2448,train
2449,train
2450,train
2451,test
2452,train
2453,train
2454,train
2455,train
2456,train
2457,test
2458,train
2459,train
2460,train
2461,train
2462,test
2463,test
2464,train
2465,train
2466,train
2467,train
2468,valid
2469,train
2470,train
2471,train
2472,train
2473,test
2474,train
2475,train
2476,train
2477,test
2478,train
2479,train
2480,test
2481,train
2482,train
2483,train
2484,test
2485,train
2486,test
2487,train
2488,train
2489,train
2490,train
2491,valid
2492,valid
2493,valid
2494,train
2495,train
2496,train
2497,train
2498,test
2499,test
2500,train
2501,train
2502,valid
2503,train
2504,train
2505,test
2506,train
2507,train
2508,train
2509,test
2510,valid
2511,train
2512,valid
2513,test
2514,train
2515,test
2516,valid
2517,test
2518,test
2519,train
2520,train
2521,train
2522,test
2523,test
2524,valid
2525,train
2526,test
2527,train
2528,train
2529,valid
2530,valid
2531,test
2532,train
2533,train
2534,train
2535,train
2536,test
2537,train
2538,valid
2539,train
2540,train
2541,valid
2542,valid
2543,train
2544,valid
2545,train
2546,train
2547,train
2548,valid
2549,train
2550,valid
2551,train
2552,train
2553,train
2554,test
2555,train
2556,train
2557,train
2558,valid
2559,train
2560,train
2561,train
2562,train
2563,train
2564,valid
2565,valid
2566,train
2567,valid
2568,valid
2569,test
2570,valid
2571,train
2572,test
2573,train
2574,train
2575,test
2576,test
2577,train
2578,train
2579,valid
2580,train
2581,train
2582,train
2583,train
2584,train
2585,train
2586,test
2587,train
2588,train
2589,test
2590,train
2591,valid
2592,train
2593,train
2594,train
2595,train
2596,test
2597,train
2598,train
2599,train
2600,test
2601,train
2602,train
2603,train
2604,train
2605,train
2606,train
2607,train
2608,train
2609,test
2610,train
2611,test
2612,train
2613,train
2614,valid
2615,test
2616,train
2617,test
2618,test
2619,test
2620,train
2621,train
2622,test
2623,test
2624,valid
2625,train
2626,train
2627,valid
2628,train
2629,valid
2630,train
2631,train
2632,train
2633,train
2634,train
2635,train
2636,train
2637,train
2638,test
2639,train
2640,test
2641,valid
2642,train
2643,train
2644,test
2645,train
2646,train
2647,valid
2648,train
2649,train
2650,valid
2651,train
2652,valid
2653,train
2654,test
2655,train
2656,train
2657,train
2658,test
2659,train
2660,valid
2661,valid
2662,train
2663,train
2664,train
2665,valid
2666,train
2667,train
2668,train
2669,train
2670,test
2671,train
2672,train
2673,test
2674,train
2675,train
2676,train
2677,train
2678,train
2679,valid
2680,test
2681,valid
2682,train
2683,test
2684,train
2685,test
2686,train
2687,train
2688,valid
2689,train
2690,train
2691,train
2692,train
2693,train
2694,train
2695,train
2696,train
2697,valid
2698,valid
2699,train
2700,train
2701,train
2702,valid
2703,train
2704,valid
2705,test
2706,test
2707,test
2708,train
2709,train
2710,valid
2711,train
2712,train
2713,train
2714,train
2715,valid
2716,train
2717,train
2718,test
2719,train
2720,train
2721,test
2722,test
2723,train
2724,train
2725,train
2726,train
2727,train
2728,test
2729,train
2730,train
2731,train
2732,train
2733,train
2734,train
2735,train
2736,train
2737,train
2738,train
2739,train
2740,train
2741,valid
2742,train
2743,train
2744,valid
2745,train
2746,train
2747,valid
2748,train
2749,train
2750,test
2751,test
2752,train
2753,train
2754,test
2755,train
2756,train
2757,train
2758,train
2759,train
2760,test
2761,train
2762,train
2763,test
2764,test
2765,test
2766,train
2767,test
2768,train
2769,train
2770,test
2771,valid
2772,train
2773,train
2774,train
2775,train
2776,test
2777,train
2778,valid
2779,train
2780,train
2781,test
2782,train
2783,train
2784,train
2785,valid
2786,valid
2787,train
2788,train
2789,test
2790,train
2791,train
2792,test
2793,train
2794,train
2795,test
2796,train
2797,train
2798,train
2799,test
2800,train
2801,test
2802,valid
2803,train
2804,train
2805,test
2806,train
2807,valid
2808,train
2809,train
2810,train
2811,valid
2812,test
2813,train
2814,train
2815,valid
2816,train
2817,train
2818,test
2819,valid
2820,train
2821,train
2822,train
2823,train
2824,train
2825,train
2826,train
2827,train
2828,train
2829,valid
2830,valid
2831,valid
2832,train
2833,test
2834,valid
2835,test
2836,test
2837,train
2838,train
2839,train
2840,train
2841,test
2842,valid
2843,test
2844,train
2845,test
2846,train
2847,valid
2848,train
2849,train
2850,train
2851,train
2852,train
2853,train
2854,train
2855,test
2856,valid
2857,test
2858,test
2859,train
2860,train
2861,train
2862,valid
2863,train
2864,test
2865,train
2866,valid
2867,test
2868,test
2869,train
2870,train
2871,train
2872,train
2873,train
2874,test
2875,train
2876,train
2877,valid
2878,valid
2879,train
2880,train
2881,train
2882,train
2883,train
2884,valid
2885,test
2886,train
2887,test
2888,train
2889,valid
2890,valid
2891,train
2892,test
2893,test
2894,train
2895,test
2896,train
2897,train
2898,train
2899,train
2900,train
2901,valid
2902,test
2903,test
2904,train
2905,test
2906,valid
2907,valid
2908,train
2909,train
2910,train
2911,valid
2912,train
2913,train
2914,train
2915,test
2916,train
2917,train
2918,test
2919,train
2920,train
2921,train
2922,test
2923,train
2924,train
2925,train
2926,test
2927,test
2928,train
2929,valid
2930,valid
2931,train
2932,test
2933,train
2934,valid
2935,train
2936,train
2937,train
2938,train
2939,valid
2940,train
2941,test
2942,train
2943,test
2944,test
2945,test
2946,train
2947,train
2948,test
2949,train
2950,train
2951,test
2952,test
2953,valid
2954,train
2955,train
2956,train
2957,test
2958,train
2959,train
2960,train
2961,train
2962,valid
2963,train
2964,train
2965,train
2966,test
2967,train
2968,train
2969,train
2970,test
2971,train
2972,test
2973,train
2974,train
2975,valid
2976,train
2977,test
2978,train
2979,train
2980,test
2981,train
2982,valid
2983,valid
2984,train
2985,test
2986,train
2987,train
2988,test
2989,train
2990,train
2991,train
2992,train
2993,train
2994,train
2995,test
2996,train
2997,test
2998,train
2999,train
3000,valid
3001,train
3002,train
3003,train
3004,train
3005,train
3006,train
3007,test
3008,train
3009,train
3010,test
3011,test
3012,train
3013,valid
3014,test
3015,train
3016,train
3017,train
3018,test
3019,train
3020,train
3021,train
3022,train
3023,train
3024,train
3025,train
3026,train
3027,train
3028,train
3029,train
3030,train
3031,valid
3032,train
3033,test
3034,train
3035,train
3036,train
3037,train
3038,valid
3039,train
3040,train
3041,valid
3042,train
3043,test
3044,train
3045,train
3046,train
3047,train
3048,train
3049,test
3050,test
3051,valid
3052,train
3053,train
3054,train
3055,train
3056,train
3057,train
3058,valid
3059,train
3060,train
3061,train
3062,train
3063,valid
3064,train
3065,test
3066,train
3067,train
3068,train
3069,valid
3070,test
3071,train
3072,valid
3073,train
3074,train
3075,train
3076,test
3077,valid
3078,train
3079,train
3080,train
3081,train
3082,train
3083,train
3084,train
3085,test
3086,train
3087,train
3088,train
3089,train
3090,train
3091,train
3092,train
3093,train
3094,train
3095,train
3096,train
3097,valid
3098,train
3099,train
3100,test
3101,test
3102,train
3103,test
3104,train
3105,train
3106,train
3107,train
3108,train
3109,train
3110,valid
3111,train
3112,train
3113,test
3114,train
3115,train
3116,train
3117,train
3118,train
3119,train
3120,train
3121,train
3122,train
3123,test
3124,train
3125,train
3126,test
3127,train
3128,test
3129,train
3130,train
3131,train
3132,train
3133,test
3134,train
3135,train
3136,train
3137,train
3138,train
3139,test
3140,train
3141,train
3142,train
3143,test
3144,train
3145,train
3146,train
3147,train
3148,valid
3149,test
3150,train
3151,train
3152,train
3153,train
3154,train
3155,train
3156,train
3157,train
3158,train
3159,train
3160,valid
3161,test
3162,test
3163,train
3164,train
3165,test
3166,train
3167,train
3168,train
3169,train
3170,train
3171,train
3172,train
3173,train
3174,train
3175,train
3176,valid
3177,train
3178,train
3179,train
3180,train
3181,test
3182,test
3183,train
3184,test
3185,train
3186,valid
3187,train
3188,train
3189,valid
3190,train
3191,train
3192,train
3193,test
3194,test
3195,test
3196,train
3197,valid
3198,train
3199,train
3200,test
3201,train
3202,train
3203,train
3204,valid
3205,valid
3206,test
3207,test
3208,train
3209,test
3210,valid
3211,train
3212,train
3213,valid
3214,train
3215,train
3216,train
3217,test
3218,test
3219,train
3220,train
3221,test
3222,train
3223,train
3224,valid
3225,valid
3226,valid
3227,test
3228,train
3229,train
3230,train
3231,train
3232,train
3233,train
3234,train
3235,train
3236,train
3237,train
3238,train
3239,train
3240,train
3241,train
3242,train
3243,train
3244,valid
3245,train
3246,valid
3247,test
3248,test
3249,train
3250,valid
3251,valid
3252,valid
3253,test
3254,train
3255,train
3256,train
3257,train
3258,test
3259,valid
3260,test
3261,train
3262,test
3263,test
3264,train
3265,test
3266,train
3267,train
3268,train
3269,train
3270,train
3271,train
3272,train
3273,train
3274,train
3275,train
3276,train
3277,train
3278,train
3279,test
3280,valid
3281,train
3282,train
3283,train
3284,train
3285,train
3286,train
3287,train
3288,test
3289,train
3290,test
3291,valid
3292,train
3293,train
3294,valid
3295,test
3296,test
3297,train
3298,train
3299,valid
3300,train
3301,train
3302,train
3303,test
3304,train
3305,test
3306,train
3307,train
3308,test
3309,valid
3310,train
3311,test
3312,train
3313,train
3314,valid
3315,test
3316,test
3317,train
3318,test
3319,train
3320,train
3321,valid
3322,train
3323,test
3324,valid
3325,train
3326,test
3327,train
3328,train
3329,train
3330,train
3331,train
3332,train
3333,train
3334,test
3335,train
3336,train
3337,valid
3338,train
3339,train
3340,test
3341,test
3342,valid
3343,train
3344,train
3345,train
3346,train
3347,train
3348,train
3349,train
3350,train
3351,train
3352,test
3353,train
3354,train
3355,train
3356,train
3357,train
3358,train
3359,train
3360,test
3361,test
3362,valid
3363,train
3364,valid
3365,test
3366,test
3367,train
3368,valid
3369,train
3370,train
3371,valid
3372,train
3373,valid
3374,train
3375,test
3376,train
3377,train
3378,test
3379,train
3380,valid
3381,test
3382,train
3383,valid
3384,valid
3385,train
3386,test
3387,valid
3388,train
3389,train
3390,train
3391,valid
3392,train
3393,train
3394,train
3395,train
3396,train
3397,train
3398,train
3399,train
3400,train
3401,train
3402,test
3403,test
3404,test
3405,train
3406,test
3407,test
3408,valid
3409,valid
3410,test
3411,train
3412,test
3413,train
3414,test
3415,train
3416,train
3417,train
3418,train
3419,train
3420,train
3421,train
3422,train
3423,valid
3424,test
3425,train
3426,train
3427,train
3428,train
3429,train
3430,train
3431,train
3432,train
3433,train
3434,test
3435,train
3436,train
3437,test
3438,test
3439,train
3440,valid
3441,train
3442,train
3443,test
3444,valid
3445,train
3446,train
3447,valid
3448,train
3449,train
3450,train
3451,train
3452,train
3453,train
3454,test
3455,train
3456,valid
3457,train
3458,train
3459,test
3460,test
3461,train
3462,train
3463,train
3464,train
3465,train
3466,train
3467,valid
3468,train
3469,test
3470,train
3471,test
3472,train
3473,train
3474,train
3475,test
3476,valid
3477,test
3478,train
3479,train
3480,train
3481,valid
3482,test
3483,train
3484,train
3485,valid
3486,valid
3487,train
3488,valid
3489,train
3490,train
3491,train
3492,test
3493,train
3494,train
3495,valid
3496,valid
3497,test
3498,valid
3499,train
3500,train
3501,train
3502,train
3503,valid
3504,train
3505,train
3506,train
3507,train
3508,train
3509,valid
3510,valid
3511,valid
3512,train
3513,train
3514,train
3515,test
3516,train
3517,train
3518,train
3519,test
3520,train
3521,train
3522,train
3523,train
3524,test
3525,test
3526,valid
3527,test
3528,train
3529,test
3530,train
3531,train
3532,test
3533,train
3534,train
3535,train
3536,train
3537,train
3538,train
3539,test
3540,valid
3541,train
3542,train
3543,train
3544,train
3545,valid
3546,train
3547,train
3548,train
3549,train
3550,valid
3551,train
3552,train
3553,train
3554,train
3555,train
3556,train
3557,train
3558,test
3559,train
3560,test
3561,train
3562,test
3563,train
3564,train
3565,valid
3566,valid
3567,test
3568,valid
3569,train
3570,train
3571,valid
3572,train
3573,test
3574,train
3575,valid
3576,test
3577,train
3578,test
3579,train
3580,train
3581,train
3582,train
3583,train
3584,train
3585,valid
3586,test
3587,valid
3588,train
3589,train
3590,train
3591,valid
3592,train
3593,valid
3594,train
3595,valid
3596,train
3597,train
3598,train
3599,train
3600,train
3601,train
3602,train
3603,valid
3604,test
3605,train
3606,valid
3607,test
3608,train
3609,valid
3610,train
3611,train
3612,test
3613,train
3614,train
3615,test
3616,train
3617,test
3618,valid
3619,train
3620,train
3621,train
3622,train
3623,valid
3624,test
3625,train
3626,train
3627,train
3628,train
3629,valid
3630,train
3631,test
3632,valid
3633,train
3634,train
3635,train
3636,train
3637,train
3638,valid
3639,train
3640,train
3641,test
3642,train
3643,valid
3644,train
3645,train
3646,train
3647,test
3648,train
3649,test
3650,train
3651,train
3652,test
3653,train
3654,valid
3655,train
3656,test
3657,train
3658,train
3659,train
3660,train
3661,train
3662,test
3663,train
3664,train
3665,train
3666,valid
3667,train
3668,train
3669,train
3670,train
3671,valid
3672,train
3673,train
3674,valid
3675,train
3676,train
3677,train
3678,train
3679,train
3680,train
3681,train
3682,train
3683,train
3684,train
3685,test
3686,train
3687,train
3688,test
3689,valid
3690,valid
3691,test
3692,test
3693,train
3694,train
3695,valid
3696,train
3697,test
3698,test
3699,train
3700,train
3701,train
3702,train
3703,test
3704,train
3705,train
3706,valid
3707,train
3708,test
3709,valid
3710,test
3711,valid
3712,train
3713,train
3714,train
3715,test
3716,valid
3717,train
3718,test
3719,train
3720,valid
3721,train
3722,valid
3723,valid
3724,train
3725,train
3726,valid
3727,train
3728,test
3729,valid
3730,train
3731,test
3732,train
3733,test
3734,test
3735,train
3736,valid
3737,test
3738,train
3739,train
3740,test
3741,train
3742,test
3743,train
3744,valid
3745,train
3746,train
3747,train
3748,train
3749,train
3750,test
3751,train
3752,train
3753,test
3754,train
3755,train
3756,train
3757,test
3758,valid
3759,valid
3760,train
3761,valid
3762,train
3763,train
3764,train
3765,train
3766,valid
3767,test
3768,test
3769,train
3770,train
3771,test
3772,train
3773,test
3774,train
3775,train
3776,train
3777,valid
3778,valid
3779,valid
3780,test
3781,test
3782,train
3783,train
3784,train
3785,train
3786,train
3787,train
3788,train
3789,train
3790,test
3791,train
3792,train
3793,train
3794,valid
3795,train
3796,train
3797,valid
3798,valid
3799,test
3800,train
3801,test
3802,test
3803,train
3804,train
3805,train
3806,test
3807,train
3808,train
3809,valid
3810,train
3811,train
3812,train
3813,train
3814,train
3815,train
3816,train
3817,test
3818,train
3819,train
3820,train
3821,test
3822,train
3823,train
3824,valid
3825,train
3826,train
3827,train
3828,train
3829,train
3830,train
3831,test
3832,train
3833,train
3834,test
3835,valid
3836,test
3837,train
3838,test
3839,test
3840,train
3841,test
3842,test
3843,train
3844,train
3845,train
3846,test
3847,train
3848,train
3849,train
3850,train
3851,train
3852,test
3853,valid
3854,valid
3855,train
3856,test
3857,test
3858,train
3859,valid
3860,train
3861,train
3862,train
3863,valid
3864,train
3865,valid
3866,valid
3867,test
3868,train
3869,train
3870,test
3871,test
3872,valid
3873,train
3874,train
3875,valid
3876,valid
3877,train
3878,valid
3879,train
3880,train
3881,train
3882,train
3883,train
3884,train
3885,train
3886,test
3887,train
3888,valid
3889,train
3890,train
3891,train
3892,test
3893,train
3894,train
3895,train
3896,train
3897,train
3898,train
3899,train
3900,train
3901,train
3902,train
3903,train
3904,train
3905,test
3906,test
3907,train
3908,train
3909,test
3910,test
3911,train
3912,train
3913,train
3914,train
3915,test
3916,train
3917,test
3918,train
3919,test
3920,train
3921,train
3922,test
3923,train
3924,train
3925,train
3926,train
3927,test
3928,train
3929,train
3930,train
3931,test
3932,train
3933,test
3934,train
3935,train
3936,train
3937,train
3938,train
3939,valid
3940,train
3941,train
3942,train
3943,train
3944,valid
3945,test
3946,train
3947,train
3948,test
3949,train
3950,train
3951,train
3952,train
3953,train
3954,train
3955,test
3956,train
3957,train
3958,train
3959,train
3960,train
3961,train
3962,valid
3963,train
3964,train
3965,valid
3966,valid
3967,train
3968,valid
3969,train
3970,train
3971,train
3972,train
3973,train
3974,train
3975,train
3976,test
3977,train
3978,train
3979,train
3980,test
3981,train
3982,train
3983,valid
3984,train
3985,test
3986,train
3987,train
3988,valid
3989,test
3990,train
3991,valid
3992,test
3993,train
3994,train
3995,valid
3996,test
3997,train
3998,train
3999,train
4000,train
4001,train
4002,train
4003,train
4004,valid
4005,train
4006,test
4007,train
4008,train
4009,train
4010,test
4011,test
4012,train
4013,test
4014,train
4015,train
4016,test
4017,train
4018,train
4019,train
4020,valid
4021,valid
4022,test
4023,valid
4024,train
4025,train
4026,train
4027,train
4028,train
4029,train
4030,train
4031,test
4032,train
4033,train
4034,train
4035,train
4036,train
4037,train
4038,train
4039,train
4040,train
4041,test
4042,train
4043,train
4044,train
4045,train
4046,test
4047,test
4048,train
4049,train
4050,valid
4051,train
4052,valid
4053,test
4054,valid
4055,train
4056,test
4057,train
4058,test
4059,valid
4060,valid
4061,train
4062,train
4063,train
4064,train
4065,valid
4066,train
4067,train
4068,train
4069,train
4070,train
4071,train
4072,train
4073,train
4074,test
4075,train
4076,train
4077,train
4078,test
4079,valid
4080,train
4081,valid
4082,valid
4083,train
4084,test
4085,train
4086,train
4087,train
4088,valid
4089,train
4090,train
4091,train
4092,valid
4093,train
4094,train
4095,test
4096,valid
4097,train
4098,train
4099,test
4100,train
4101,test
4102,train
4103,train
4104,train
4105,test
4106,train
4107,train
4108,test
4109,train
4110,valid
4111,train
4112,train
4113,train
4114,train
4115,train
4116,train
4117,train
4118,train
4119,test
4120,valid
4121,valid
4122,valid
4123,train
4124,train
4125,train
4126,test
4127,train
4128,train
4129,train
4130,train
4131,valid
4132,train
4133,train
4134,train
4135,valid
4136,train
4137,train
4138,train
4139,train
4140,valid
4141,train
4142,train
4143,train
4144,train
4145,train
4146,train
4147,test
4148,train
4149,train
4150,train
4151,train
4152,train
4153,train
4154,test
4155,test
4156,train
4157,train
4158,valid
4159,train
4160,valid
4161,train
4162,valid
4163,test
4164,train
4165,train
4166,valid
4167,train
4168,train
4169,train
4170,train
4171,train
4172,train
4173,test
4174,train
4175,train
4176,train
4177,train
4178,train
4179,train
4180,test
4181,train
4182,train
4183,test
4184,valid
4185,train
4186,train
4187,train
4188,train
4189,train
4190,train
4191,train
4192,train
4193,valid
4194,train
4195,test
4196,train
4197,train
4198,train
4199,train
4200,train
4201,train
4202,valid
4203,train
4204,test
4205,test
4206,valid
4207,train
4208,train
4209,train
4210,valid
4211,valid
4212,train
4213,train
4214,train
4215,train
4216,test
4217,valid
4218,train
4219,train
4220,train
4221,test
4222,train
4223,train
4224,test
4225,train
4226,valid
4227,train
4228,train
4229,train
4230,train
4231,train
4232,valid
4233,train
4234,train
4235,valid
4236,train
4237,test
4238,train
4239,train
4240,train
4241,train
4242,train
4243,train
4244,train
4245,train
4246,train
4247,test
4248,test
4249,train
4250,test
4251,train
4252,train
4253,test
4254,train
4255,train
4256,train
4257,train
4258,train
4259,test
4260,valid
4261,train
4262,test
4263,train
4264,train
4265,train
4266,train
4267,train
4268,train
4269,train
4270,train
4271,train
4272,train
4273,test
4274,train
4275,test
4276,train
4277,train
4278,train
4279,train
4280,train
4281,train
4282,train
4283,train
4284,train
4285,train
4286,train
4287,test
4288,train
4289,train
4290,train
4291,test
4292,test
4293,train
4294,train
4295,valid
4296,train
4297,train
4298,valid
4299,valid
4300,train
4301,train
4302,train
4303,train
4304,test
4305,test
4306,train
4307,test
4308,train
4309,train
4310,train
4311,train
4312,train
4313,train
4314,valid
4315,train
4316,test
4317,train
4318,train
4319,train
4320,train
4321,train
4322,test
4323,valid
4324,valid
4325,valid
4326,train
4327,test
4328,valid
4329,train
4330,valid
4331,train
4332,valid
4333,train
4334,train
4335,valid
4336,train
4337,test
4338,valid
4339,train
4340,train
4341,train
4342,train
4343,train
4344,train
4345,valid
4346,train
4347,train
4348,test
4349,train
4350,train
4351,train
4352,train
4353,train
4354,train
4355,test
4356,train
4357,test
4358,valid
4359,train
4360,train
4361,train
4362,test
4363,train
4364,train
4365,valid
4366,test
4367,train
4368,valid
4369,train
4370,test
4371,test
4372,valid
4373,train
4374,train
4375,train
4376,train
4377,train
4378,train
4379,test
4380,train
4381,valid
4382,test
4383,train
4384,train
4385,test
4386,train
4387,valid
4388,train
4389,valid
4390,train
4391,train
4392,train
4393,test
4394,train
4395,valid
4396,valid
4397,test
4398,train
4399,train
4400,train
4401,test
4402,test
4403,train
4404,train
4405,test
4406,train
4407,train
4408,valid
4409,train
4410,test
4411,test
4412,train
4413,train
4414,train
4415,train
4416,train
4417,valid
4418,test
4419,test
4420,train
4421,train
4422,valid
4423,train
4424,train
4425,train
4426,train
4427,test
4428,train
4429,train
4430,train
4431,train
4432,train
4433,train
4434,test
4435,valid
4436,train
4437,train
4438,train
4439,train
4440,train
4441,valid
4442,train
4443,train
4444,test
4445,train
4446,train
4447,test
4448,train
4449,train
4450,train
4451,train
4452,train
4453,train
4454,test
4455,valid
4456,train
4457,valid
4458,train
4459,train
4460,train
4461,train
4462,valid
4463,train
4464,test
4465,train
4466,valid
4467,train
4468,train
4469,train
4470,train
4471,valid
4472,valid
4473,valid
4474,train
4475,train
4476,test
4477,train
4478,valid
4479,test
4480,train
4481,test
4482,valid
4483,train
4484,train
4485,train
4486,train
4487,train
4488,train
4489,train
4490,test
4491,valid
4492,train
4493,valid
4494,train
4495,valid
4496,train
4497,train
4498,valid
4499,train
4500,test
4501,train
4502,train
4503,train
4504,valid
4505,test
4506,train
4507,train
4508,test
4509,train
4510,test
4511,train
4512,valid
4513,train
4514,train
4515,train
4516,train
4517,train
4518,train
4519,test
4520,test
4521,train
4522,valid
4523,test
4524,train
4525,valid
4526,train
4527,train
4528,train
4529,train
4530,train
4531,train
4532,test
4533,train
4534,valid
4535,train
4536,train
4537,train
4538,test
4539,valid
4540,train
4541,train
4542,train
4543,valid
4544,train
4545,test
4546,train
4547,train
4548,train
4549,valid
4550,test
4551,train
4552,test
4553,train
4554,test
4555,valid
4556,train
4557,train
4558,train
4559,train
4560,train
4561,train
4562,train
4563,train
4564,train
4565,valid
4566,valid
4567,train
4568,test
4569,train
4570,test
4571,train
4572,train
4573,train
4574,train
4575,train
4576,valid
4577,train
4578,test
4579,valid
4580,train
4581,train
4582,train
4583,train
4584,test
4585,train
4586,train
4587,train
4588,train
4589,train
4590,valid
4591,test
4592,train
4593,valid
4594,train
4595,test
4596,train
4597,train
4598,train
4599,test
4600,valid
4601,test
4602,test
4603,train
4604,train
4605,test
4606,test
4607,train
4608,test
4609,train
4610,train
4611,train
4612,train
4613,train
4614,train
4615,train
4616,train
4617,train
4618,test
4619,train
4620,valid
4621,train
4622,valid
4623,test
4624,train
4625,train
4626,train
4627,train
4628,valid
4629,train
4630,train
4631,train
4632,train
4633,test
4634,train
4635,test
4636,valid
4637,train
4638,train
4639,test
4640,train
4641,test
4642,valid
4643,train
4644,test
4645,test
4646,train
4647,train
4648,test
4649,test
4650,test
4651,train
4652,train
4653,train
4654,valid
4655,train
4656,train
4657,train
4658,train
4659,train
4660,valid
4661,train
4662,valid
4663,train
4664,train
4665,train
4666,train
4667,test
4668,test
4669,test
4670,train
4671,test
4672,train
4673,train
4674,valid
4675,test
4676,train
4677,train
4678,train
4679,test
4680,valid
4681,train
4682,train
4683,train
4684,valid
4685,valid
4686,test
4687,valid
4688,train
4689,train
4690,test
4691,train
4692,train
4693,train
4694,train
4695,test
4696,test
4697,train
4698,test
4699,train
4700,test
4701,train
4702,test
4703,test
4704,test
4705,valid
4706,test
4707,train
4708,train
4709,train
4710,train
4711,valid
4712,test
4713,train
4714,train
4715,train
4716,train
4717,valid
4718,train
4719,train
4720,train
4721,train
4722,train
4723,train
4724,train
4725,train
4726,test
4727,test
4728,train
4729,valid
4730,test
4731,train
4732,train
4733,train
4734,train
4735,train
4736,train
4737,train
4738,train
4739,train
4740,test
4741,train
4742,train
4743,train
4744,train
4745,train
4746,train
4747,test
4748,train
4749,train
4750,train
4751,test
4752,train
4753,valid
4754,train
4755,train
4756,test
4757,train
4758,train
4759,train
4760,test
4761,train
4762,valid
4763,train
4764,train
4765,test
4766,train
4767,train
4768,test
4769,test
4770,test
4771,train
4772,valid
4773,train
4774,train
4775,train
4776,test
4777,train
4778,test
4779,train
4780,train
4781,train
4782,train
4783,train
4784,train
4785,train
4786,train
4787,test
4788,train
4789,train
4790,valid
4791,train
4792,train
4793,valid
4794,train
4795,train
4796,valid
4797,train
4798,valid
4799,train
4800,train
4801,train
4802,test
4803,train
4804,train
4805,train
4806,train
4807,train
4808,train
4809,valid
4810,test
4811,train
4812,test
4813,train
4814,test
4815,train
4816,train
4817,valid
4818,train
4819,train
4820,train
4821,train
4822,train
4823,train
4824,train
4825,valid
4826,train
4827,train
4828,test
4829,test
4830,valid
4831,train
4832,valid
4833,train
4834,train
4835,train
4836,train
4837,train
4838,train
4839,train
4840,train
4841,train
4842,train
4843,train
4844,test
4845,train
4846,valid
4847,train
4848,train
4849,valid
4850,train
4851,train
4852,train
4853,valid
4854,train
4855,valid
4856,test
4857,train
4858,train
4859,train
4860,train
4861,train
4862,train
4863,test
4864,test
4865,train
4866,train
4867,valid
4868,valid
4869,valid
4870,valid
4871,train
4872,train
4873,train
4874,train
4875,valid
4876,train
4877,train
4878,train
4879,train
4880,test
4881,test
4882,valid
4883,train
4884,train
4885,train
4886,train
4887,train
4888,valid
4889,train
4890,train
4891,train
4892,train
4893,train
4894,train
4895,test
4896,train
4897,train
4898,train
4899,valid
4900,train
4901,train
4902,train
4903,train
4904,train
4905,train
4906,train
4907,train
4908,train
4909,train
4910,valid
4911,valid
4912,valid
4913,train
4914,train
4915,train
4916,train
4917,test
4918,test
4919,train
4920,valid
4921,train
4922,train
4923,test
4924,valid
4925,train
4926,train
4927,test
4928,train
4929,train
4930,train
4931,valid
4932,test
4933,train
4934,train
4935,train
4936,train
4937,test
4938,train
4939,train
4940,train
4941,valid
4942,train
4943,train
4944,valid
4945,train
4946,train
4947,train
4948,train
4949,test
4950,train
4951,train
4952,valid
4953,train
4954,train
4955,valid
4956,train
4957,train
4958,train
4959,test
4960,train
4961,test
4962,test
4963,valid
4964,train
4965,test
4966,train
4967,train
4968,train
4969,train
4970,test
4971,train
4972,valid
4973,train
4974,train
4975,train
4976,valid
4977,test
4978,train
4979,valid
4980,train
4981,test
4982,train
4983,train
4984,train
4985,test
4986,valid
4987,train
4988,train
4989,test
4990,train
4991,train
4992,valid
4993,test
4994,train
4995,test
4996,train
4997,train
4998,test
4999,valid
5000,train
5001,train
5002,test
5003,valid
5004,train
5005,valid
5006,valid
5007,train
5008,test
5009,test
5010,train
5011,train
5012,train
5013,train
5014,train
5015,test
5016,train
5017,train
5018,test
5019,train
5020,test
5021,train
5022,train
5023,train
5024,train
5025,train
5026,valid
5027,train
5028,train
5029,train
5030,train
5031,valid
5032,train
5033,train
5034,train
5035,train
5036,train
5037,train
5038,train
5039,test
5040,test
5041,test
5042,train
5043,test
5044,test
5045,test
5046,test
5047,train
5048,train
5049,train
5050,train
5051,train
5052,train
5053,valid
5054,train
5055,train
5056,train
5057,train
5058,valid
5059,test
5060,train
5061,train
5062,train
5063,train
5064,test
5065,train
5066,train
5067,train
5068,train
5069,train
5070,train
5071,valid
5072,valid
5073,train
5074,train
5075,train
5076,train
5077,test
5078,train
5079,train
5080,train
5081,train
5082,train
5083,train
5084,train
5085,train
5086,train
5087,train
5088,train
5089,train
5090,train
5091,train
5092,train
5093,test
5094,train
5095,test
5096,test
5097,train
5098,valid
5099,train
5100,train
5101,train
5102,train
5103,train
5104,valid
5105,test
5106,test
5107,train
5108,test
5109,train
5110,train
5111,valid
5112,train
5113,train
5114,train
5115,train
5116,train
5117,train
5118,train
5119,valid
5120,valid
5121,valid
5122,train
5123,train
5124,train
5125,train
5126,train
5127,train
5128,test
5129,test
5130,train
5131,train
5132,train
5133,valid
5134,train
5135,train
5136,train
5137,train
5138,train
5139,train
5140,test
5141,valid
5142,train
5143,train
5144,train
5145,train
5146,test
5147,train
5148,valid
5149,test
5150,valid
5151,train
5152,valid
5153,test
5154,train
5155,train
5156,test
5157,train
5158,valid
5159,train
5160,train
5161,train
5162,train
5163,train
5164,train
5165,valid
5166,train
5167,train
5168,test
5169,train
5170,test
5171,valid
5172,train
5173,train
5174,train
5175,test
5176,train
5177,train
5178,train
5179,train
5180,train
5181,train
5182,train
5183,train
5184,train
5185,valid
5186,test
5187,train
5188,valid
5189,valid
5190,train
5191,valid
5192,train
5193,train
5194,train
5195,valid
5196,train
5197,test
5198,valid
5199,valid
5200,train
5201,test
5202,test
5203,test
5204,train
5205,train
5206,test
5207,train
5208,train
5209,train
5210,test
5211,valid
5212,train
5213,train
5214,train
5215,train
5216,test
5217,train
5218,test
5219,train
5220,train
5221,train
5222,train
5223,train
5224,train
5225,valid
5226,train
5227,train
5228,train
5229,train
5230,train
5231,test
5232,train
5233,valid
5234,train
5235,test
5236,train
5237,train
5238,valid
5239,train
5240,train
5241,train
5242,valid
5243,train
5244,train
5245,valid
5246,train
5247,train
5248,valid
5249,train
5250,train
5251,test
5252,train
5253,train
5254,valid
5255,train
5256,train
5257,train
5258,train
5259,test
5260,train
5261,valid
5262,train
5263,train
5264,train
5265,valid
5266,train
5267,valid
5268,train
5269,train
5270,test
5271,train
5272,valid
5273,test
5274,train
5275,train
5276,train
5277,train
5278,train
5279,valid
5280,valid
5281,train
5282,valid
5283,train
5284,test
5285,train
5286,valid
5287,train
5288,train
5289,train
5290,test
5291,train
5292,test
5293,train
5294,train
5295,train
5296,train
5297,train
5298,train
5299,train
5300,valid
5301,train
5302,train
5303,test
5304,train
5305,train
5306,train
5307,train
5308,valid
5309,valid
5310,train
5311,train
5312,train
5313,train
5314,train
5315,train
5316,train
5317,train
5318,train
5319,train
5320,train
5321,valid
5322,train
5323,valid
5324,train
5325,train
5326,train
5327,train
5328,test
5329,train
5330,valid
5331,valid
5332,test
5333,train
5334,train
5335,test
5336,train
5337,train
5338,valid
5339,train
5340,test
5341,test
5342,train
5343,train
5344,train
5345,train
5346,valid
5347,train
5348,train
5349,train
5350,valid
5351,train
5352,train
5353,train
5354,valid
5355,test
5356,train
5357,valid
5358,train
5359,train
5360,valid
5361,valid
5362,valid
5363,test
5364,train
5365,train
5366,train
5367,train
5368,train
5369,test
5370,train
5371,train
5372,test
5373,train
5374,test
5375,train
5376,train
5377,valid
5378,valid
5379,test
5380,train
5381,train
5382,train
5383,valid
5384,train
5385,train
5386,valid
5387,train
5388,train
5389,test
5390,valid
5391,train
5392,train
5393,train
5394,train
5395,train
5396,train
5397,test
5398,valid
5399,train
5400,train
5401,valid
5402,train
5403,train
5404,train
5405,valid
5406,test
5407,test
5408,train
5409,valid
5410,valid
5411,train
5412,train
5413,valid
5414,test
5415,train
5416,valid
5417,test
5418,valid
5419,train
5420,valid
5421,train
5422,test
5423,valid
5424,valid
5425,valid
5426,train
5427,test
5428,train
5429,train
5430,test
5431,train
5432,train
5433,test
5434,valid
5435,valid
5436,train
5437,test
5438,test
5439,valid
5440,valid
5441,train
5442,train
5443,valid
5444,test
5445,train
5446,train
5447,train
5448,train
5449,train
5450,train
5451,train
5452,valid
5453,train
5454,train
5455,train
5456,test
5457,valid
5458,train
5459,train
5460,valid
5461,valid
5462,train
5463,train
5464,valid
5465,train
5466,train
5467,train
5468,train
5469,train
5470,train
5471,train
5472,test
5473,train
5474,train
5475,train
5476,test
5477,train
5478,train
5479,train
5480,train
5481,test
5482,train
5483,test
5484,train
5485,train
5486,train
5487,train
5488,train
5489,train
5490,test
5491,train
5492,test
5493,test
5494,valid
5495,train
5496,train
5497,test
5498,test
5499,train
5500,train
5501,train
5502,test
5503,valid
5504,train
5505,train
5506,train
5507,valid
5508,train
5509,train
5510,train
5511,train
5512,test
5513,train
5514,train
5515,test
5516,train
5517,train
5518,test
5519,valid
5520,valid
5521,train
5522,train
5523,valid
5524,train
5525,test
5526,train
5527,test
5528,train
5529,train
5530,train
5531,test
5532,test
5533,test
5534,valid
5535,valid
5536,train
5537,train
5538,train
5539,train
5540,test
5541,train
5542,train
5543,test
5544,train
5545,valid
5546,test
5547,train
5548,test
5549,train
5550,train
5551,valid
5552,train
5553,train
5554,test
5555,valid
5556,train
5557,train
5558,train
5559,train
5560,valid
5561,test
5562,train
5563,valid
5564,test
5565,test
5566,valid
5567,valid
5568,train
5569,valid
5570,valid
5571,train
5572,train
5573,train
5574,test
5575,train
5576,train
5577,valid
5578,train
5579,test
5580,test
5581,valid
5582,train
5583,train
5584,test
5585,test
5586,test
5587,test
5588,train
5589,test
5590,train
5591,train
5592,train
5593,train
5594,train
5595,train
5596,test
5597,train
5598,train
5599,train
5600,train
5601,test
5602,train
5603,train
5604,train
5605,train
5606,train
5607,train
5608,test
5609,train
5610,train
5611,train
5612,test
5613,train
5614,train
5615,valid
5616,train
5617,test
5618,valid
5619,test
5620,test
5621,train
5622,valid
5623,test
5624,train
5625,train
5626,train
5627,train
5628,test
5629,valid
5630,train
5631,train
5632,train
5633,test
5634,test
5635,test
5636,train
5637,train
5638,train
5639,train
5640,valid
5641,train
5642,test
5643,train
5644,train
5645,valid
5646,test
5647,test
5648,train
5649,train
5650,train
5651,train
5652,valid
5653,train
5654,train
5655,train
5656,train
5657,test
5658,test
5659,train
5660,train
5661,train
5662,test
5663,valid
5664,train
5665,train
5666,train
5667,train
5668,train
5669,train
5670,test
5671,test
5672,test
5673,train
5674,valid
5675,train
5676,train
5677,train
5678,train
5679,train
5680,train
5681,valid
5682,valid
5683,train
5684,train
5685,train
5686,train
5687,train
5688,valid
5689,train
5690,train
5691,train
5692,train
5693,test
5694,train
5695,test
5696,train
5697,train
5698,train
5699,train
5700,train
5701,train
5702,train
5703,train
5704,test
5705,train
5706,train
5707,train
5708,valid
5709,train
5710,test
5711,valid
5712,valid
5713,valid
5714,test
5715,valid
5716,valid
5717,test
5718,train
5719,train
5720,train
5721,train
5722,test
5723,test
5724,valid
5725,train
5726,train
5727,train
5728,train
5729,train
5730,train
5731,test
5732,train
5733,test
5734,train
5735,test
5736,train
5737,train
5738,train
5739,train
5740,train
5741,test
5742,valid
5743,valid
5744,valid
5745,train
5746,test
5747,valid
5748,test
5749,train
5750,valid
5751,train
5752,train
5753,valid
5754,test
5755,test
5756,train
5757,train
5758,train
5759,valid
5760,test
5761,train
5762,test
5763,train
5764,train
5765,train
5766,valid
5767,train
5768,valid
5769,valid
5770,train
5771,train
5772,train
5773,train
5774,train
5775,train
5776,train
5777,test
5778,train
5779,train
5780,train
5781,train
5782,train
5783,train
5784,test
5785,train
5786,train
5787,test
5788,train
5789,train
5790,train
5791,train
5792,valid
5793,test
5794,train
5795,valid
5796,test
5797,valid
5798,valid
5799,train
5800,train
5801,test
5802,train
5803,train
5804,train
5805,train
5806,train
5807,train
5808,valid
5809,valid
5810,valid
5811,valid
5812,test
5813,train
5814,test
5815,train
5816,test
5817,train
5818,train
5819,train
5820,train
5821,valid
5822,test
5823,valid
5824,train
5825,test
5826,train
5827,valid
5828,train
5829,test
5830,train
5831,valid
5832,train
5833,train
5834,test
5835,train
5836,train
5837,train
5838,train
5839,test
5840,train
5841,train
5842,train
5843,train
5844,valid
5845,train
5846,test
5847,train
5848,valid
5849,train
5850,train
5851,train
5852,valid
5853,test
5854,train
5855,train
5856,train
5857,train
5858,train
5859,test
5860,train
5861,train
5862,valid
5863,train
5864,train
5865,valid
5866,test
5867,train
5868,valid
5869,train
5870,test
5871,test
5872,train
5873,train
5874,valid
5875,valid
5876,train
5877,test
5878,train
5879,train
5880,train
5881,test
5882,valid
5883,train
5884,train
5885,train
5886,train
5887,train
5888,test
5889,test
5890,train
5891,train
5892,train
5893,train
5894,train
5895,train
5896,valid
5897,train
5898,train
5899,train
5900,test
5901,train
5902,train
5903,test
5904,test
5905,train
5906,test
5907,train
5908,train
5909,train
5910,train
5911,train
5912,train
5913,valid
5914,test
5915,train
5916,test
5917,valid
5918,train
5919,test
5920,train
5921,train
