row_index,source,housing_market,property_format,price_rub,total_area_m2,rooms,address_exact,residential_complex
1859,avito,new_building,flat,48124000.0,121.6,3.0,"п. первомайское, д. рогозинино, д. 7",внуково кантри клаб
1939,avito,new_building,flat,49136000.0,124.6,3.0,"п. первомайское, д. рогозинино, д. 7",внуково кантри клаб
2644,avito,new_building,flat,40703729.0,87.4,3.0,"б-р мещерский, стр. 6.1",жк «резиденции сколково»
2749,avito,new_building,flat,62085000.0,139.9,4.0,"п. первомайское, д. рогозинино, д. 9",внуково кантри клаб
2760,avito,new_building,flat,60259000.0,156.0,4.0,"п. первомайское, д. рогозинино, д. 7",внуково кантри клаб
2776,avito,new_building,flat,61689379.0,118.4,4.0,"п. свх заречье, ул. торговая, д. 9",жк «skolkovo one» (сколково ван)
2778,avito,new_building,flat,63179000.0,141.4,4.0,"п. первомайское, д. рогозинино, д. 9",внуково кантри клаб
2804,avito,new_building,flat,44323743.0,144.3,4.0,"д. ликино, стр. 1",жк «мыс»
2830,avito,new_building,flat,63736000.0,141.4,4.0,"п. первомайское, д. рогозинино, д. 9",внуково кантри клаб
2846,avito,unknown,flat,55909502.0,113.2,4.0,"п. свх заречье, ул. торговая, д. 5",жк «skolkovo one» (сколково ван)
2848,avito,unknown,flat,120000000.0,231.2,4.0,"московская обл., одинцовский г.о., д. жуковка, 58",unknown
2855,avito,unknown,flat,49000000.0,158.4,4.0,"московская обл., одинцовский г.о., пгт. заречье, тихая ул., 21",unknown
2935,avito,unknown,flat,41999990.0,130.0,4.0,"московская обл., одинцовский г.о., пгт. заречье, тихая ул., 26к3",unknown
2978,avito,new_building,flat,51465273.0,165.4,4.0,"д. ликино, стр. 1",жк «мыс»
2982,avito,unknown,flat,60000000.0,140.0,4.0,"московская обл., одинцовский г.о., рп. заречье, сосновая ул., 1ак2",unknown
2987,avito,unknown,flat,77500000.0,120.0,4.0,"московская обл., одинцовский г.о., пгт. заречье, весенняя ул., 1с6",unknown
3015,avito,unknown,flat,42000000.0,179.0,4.0,"московская обл., одинцовский г.о., д. лапино, кп новое лапино, 54к2",unknown
3059,avito,unknown,flat,49500000.0,198.0,4.0,"москва, новомосковский административный округ, р-н коммунарка, николо-хованская ул., 16к1",unknown
3067,avito,new_building,flat,47156967.0,141.6,4.0,"д. ликино, стр. 1",жк «мыс»
3079,avito,new_building,flat,43035595.0,156.6,4.0,"д. ликино, стр. 2",жк «мыс»
3091,avito,new_building,flat,58893296.0,136.6,4.0,"д. ликино, стр. 10",жк «мыс»
3135,avito,new_building,flat,45741120.0,153.7,4.0,"д. ликино, стр. 1",жк «мыс»
3137,avito,unknown,flat,40500000.0,180.0,4.0,"московская обл., красногорск, павшинский б-р, 26",unknown
3143,avito,new_building,flat,87030560.0,203.2,4.0,"д. ликино, стр. 10",жк «мыс»
3149,avito,new_building,flat,48314448.0,147.5,4.0,"д. ликино, стр. 2",жк «мыс»
3196,avito,unknown,flat,76500000.0,255.0,4.0,"московская обл., одинцовский г.о., рп. заречье, тихая ул., 1к2",unknown
3227,avito,new_building,flat,52693644.0,161.3,4.0,"д. ликино, стр. 2",жк «мыс»
3231,avito,new_building,flat,45425664.0,135.7,4.0,"д. ликино, стр. 1",жк «мыс»
3251,avito,new_building,flat,48774600.0,154.8,4.0,"д. ликино, стр. 2",жк «мыс»
3262,avito,new_building,flat,45927666.0,153.8,4.0,"д. ликино, стр. 1",жк «мыс»
3272,avito,unknown,flat,46000000.0,140.0,4.0,"московская обл., г.о. красногорск, с. ангелово, жк ангелово-резиденц, 39",unknown
3273,avito,unknown,flat,42500000.0,170.3,4.0,"московская обл., одинцовский г.о., одинцово, северная ул., 57",unknown
3277,avito,new_building,flat,46494558.0,138.1,4.0,"д. ликино, стр. 2",жк «мыс»
3278,avito,new_building,flat,41655259.0,140.9,4.0,"д. ликино, стр. 1",жк «мыс»
3296,avito,unknown,flat,145000000.0,141.0,4.0,"московская обл., одинцовский г.о., рп. заречье, весенняя ул., 2к6",unknown
3306,avito,new_building,flat,45893920.0,153.8,4.0,"д. ликино, стр. 1",жк «мыс»
3324,avito,unknown,flat,148000000.0,173.0,4.0,"московская обл., одинцовский г.о., д. барвиха, рублево-успенское шоссе, 8-й километр, 117",unknown
3340,avito,unknown,flat,46000000.0,111.0,4.0,"московская обл., химки, мкр-н новогорск, заречная ул., 6к1",unknown
3346,avito,unknown,flat,75000000.0,193.0,4.0,"московская обл., одинцовский г.о., пгт. заречье, сосновая ул., 10",unknown
3372,avito,unknown,flat,75000000.0,193.0,4.0,"московская обл., одинцовский г.о., рп. заречье, сосновая ул., 10",unknown
3389,avito,unknown,flat,43000000.0,144.0,4.0,"московская обл., реутов, новая ул., 6",unknown
3408,avito,unknown,flat,45000000.0,145.0,4.0,"москва, новомосковский административный округ, р-н коммунарка, д. сосенки, ясеневая ул., 1к1",unknown
3427,avito,unknown,flat,49699999.0,124.6,4.0,"московская обл., мытищи, летная ул., 21/2",unknown
3436,avito,unknown,flat,69900000.0,130.0,4.0,"московская обл., красногорск, ул. согласия, 11/1",unknown
3439,avito,unknown,flat,150000000.0,196.0,4.0,"московская обл., одинцовский г.о., рп. заречье, сосновая ул., 1ак3",unknown
3470,avito,unknown,flat,47000000.0,230.0,4.0,"москва, новомосковский административный округ, р-н коммунарка, д. сосенки, ольховая ул., 1",unknown
3488,avito,unknown,flat,59500000.0,141.6,4.0,"московская обл., химки, мкр-н новогорск, заречная ул., 4к2",unknown
3572,avito,unknown,flat,45500000.0,284.0,4.0,"московская обл., котельники, ул. строителей, 5",unknown
3591,avito,unknown,flat,42000000.0,170.6,4.0,"московская обл., одинцовский г.о., д. лапино, коттеджный пос. новое лапино, 54к2",unknown
3600,avito,unknown,flat,49000000.0,255.3,4.0,"московская обл., одинцовский г.о., д. лапино, кп новое лапино, 53",unknown
3620,avito,unknown,flat,44000000.0,130.5,4.0,"московская обл., красногорск, подмосковный б-р, 12",unknown
3655,avito,unknown,flat,53900000.0,210.0,4.0,"московская обл., одинцовский г.о., рп. новоивановское, ул. калинина, 8",unknown
3656,avito,unknown,flat,98000000.0,139.0,4.0,"московская обл., одинцовский г.о., рп. заречье, весенняя ул., 1с2",unknown
3661,avito,unknown,flat,46000000.0,202.0,4.0,"московская обл., одинцовский г.о., д. лапино, кп новое лапино, 10",unknown
4873,cian,resale,flat,43000000.0,106.0,2.0,"московская область, одинцовский городской округ, семенково деревня, азарово южное коттеджный поселок",unknown
4897,cian,resale,flat,43000000.0,106.0,2.0,"московская область, одинцовский городской округ, семенково деревня, азарово южное коттеджный поселок, ул. новогодняя, 2",unknown
4977,cian,new_building,apartments,42920000.0,161.7,2.0,"московская область, наро-фоминск, пл. свободы, 4в",unknown
5147,cian,resale,flat,195000000.0,150.0,3.0,"московская область, одинцовский городской округ, заречье пгт, ул. весенняя, 2к1",unknown
5159,cian,resale,flat,130000000.0,130.0,3.0,"московская область, одинцовский городской округ, заречье пгт, ул. весенняя, 2к6",unknown
5165,cian,resale,flat,45900000.0,93.0,3.0,"московская область, красногорск, мкр. мякинино, ул. согласия, 19",unknown
5174,cian,resale,flat,87000000.0,184.5,3.0,"московская область, истра муниципальный округ, захарово деревня, агаларов эстэйт коттеджный поселок",unknown
5177,cian,resale,flat,134900000.0,140.0,3.0,"московская область, одинцовский городской округ, заречье пгт, ул. весенняя, 2к1",unknown
5183,cian,resale,flat,49900000.0,79.0,3.0,"московская область, красногорск, мкр. мякинино, ул. согласия, 16",unknown
5192,cian,resale,flat,55000000.0,134.5,3.0,"московская область, одинцовский городской округ, заречье пгт, ул. тихая, 25",unknown
5195,cian,resale,flat,59999000.0,170.0,3.0,"московская область, истра муниципальный округ, захарово деревня, ул. заречная, 49",unknown
5198,cian,resale,flat,60000000.0,140.0,3.0,"московская область, одинцовский городской округ, заречье пгт, ул. сосновая, 1ак2",unknown
5204,cian,resale,flat,135000000.0,191.0,3.0,"московская область, одинцовский городской округ, барвиха деревня, рублево-успенское шоссе, 8-й км, 117",unknown
5209,cian,new_building,apartments,60990000.0,203.3,3.0,"московская область, наро-фоминск, пл. свободы, 4в",unknown
5215,cian,new_building,flat,43401664.0,135.01,3.0,"московская область, одинцовский городской округ, ликино деревня, жк мыс",unknown
5292,cian,resale,apartments,49900000.0,204.0,3.0,"московская область, одинцовский городской округ, семенково деревня, азарово северное коттеджный поселок, ул. сиреневая, 6",unknown
5295,cian,resale,flat,88000000.0,168.0,3.0,"московская область, истра муниципальный округ, захарово деревня, агаларов эстэйт коттеджный поселок",unknown
5378,cian,new_building,flat,44054016.0,142.19,3.0,"московская область, одинцовский городской округ, ликино деревня, жк мыс",unknown
5399,cian,new_building,flat,50059301.0,136.58,3.0,"московская область, одинцовский городской округ, ликино деревня, жк мыс",unknown
5413,cian,resale,flat,58990000.0,157.5,4.0,"московская область, химки, мкр. новогорск, ул. заречная, 5к2",unknown
5416,cian,resale,flat,115000000.0,197.3,4.0,"московская область, одинцовский городской округ, заречье пгт, ул. сосновая, 1ак3",unknown
5419,cian,resale,penthouse,87500000.0,260.0,4.0,"московская область, одинцовский городской округ, заречье пгт, 12 месяцев жилой комплекс, 11",unknown
5422,cian,resale,flat,220000000.0,230.0,4.0,"московская область, одинцовский городской округ, заречье пгт, ул. тихая, 27",unknown
5425,cian,resale,flat,145000000.0,141.0,4.0,"московская область, одинцовский городской округ, заречье пгт, ул. весенняя, 2к6",unknown
5437,cian,resale,penthouse,45000000.0,158.8,4.0,"московская область, мытищи, мкр. 10, летная ул., 21/2",unknown
5442,cian,new_building,flat,41067281.0,147.48,4.0,"московская область, одинцовский городской округ, ликино деревня, жк мыс, к2",unknown
5443,cian,resale,flat,55000000.0,141.6,4.0,"московская область, химки, мкр. новогорск, ул. заречная, 4к2",unknown
5448,cian,new_building,flat,43745482.0,165.43,4.0,"московская область, одинцовский городской округ, ликино деревня, жк мыс, к1",unknown
5457,cian,new_building,flat,73975976.0,203.2,4.0,"московская область, одинцовский городской округ, ликино деревня, жк мыс",unknown
5476,cian,resale,flat,77500000.0,192.9,4.0,"московская область, одинцовский городской округ, усово село, усово жилой комплекс, 3",unknown
5478,cian,new_building,flat,55909502.0,113.2,4.0,"московская область, одинцовский городской округ, заречье пгт, ул. торговая, 9",unknown
5488,cian,resale,flat,148000000.0,173.0,4.0,"московская область, одинцовский городской округ, барвиха деревня, рублево-успенское шоссе, 8-й км, 117",unknown
5491,cian,resale,flat,42900000.0,170.8,4.0,"московская область, одинцово, северная ул., 55",unknown
5497,cian,resale,flat,77000000.0,120.0,4.0,"московская область, одинцовский городской округ, заречье пгт, ул. весенняя, 1с6",unknown
5522,cian,new_building,flat,61689379.0,118.4,4.0,"московская область, одинцовский городской округ, заречье пгт, ул. торговая, 5",unknown
5528,cian,new_building,flat,48267422.0,169.66,4.0,"московская область, одинцовский городской округ, ликино деревня, жк мыс, к1",unknown
5532,cian,resale,flat,50990000.0,169.6,4.0,"московская область, химки, мкр. новогорск, ул. ивановская, 53к1",unknown
5537,cian,new_building,flat,44789597.0,161.34,4.0,"московская область, одинцовский городской округ, ликино деревня, жк мыс, к2",unknown
5541,cian,resale,flat,43000000.0,220.0,4.0,"московская область, балашиха, мкр. салтыковка, школьная ул., 7к3",unknown
5550,cian,resale,apartments,59000000.0,240.7,4.0,"московская область, одинцовский городской округ, семенково деревня, азарово южное коттеджный поселок, ул. новогодняя, 2",unknown
5553,cian,resale,flat,210000000.0,315.0,4.0,"московская область, одинцовский городской округ, заречье пгт, ул. тихая, 20",unknown
5562,cian,resale,flat,59000000.0,183.0,4.0,"московская область, химки, мкр. новогорск, ул. ивановская, 51к2",unknown
5568,cian,resale,flat,110000000.0,130.0,4.0,"московская область, одинцовский городской округ, заречье пгт, ул. весенняя, 2к6",unknown
5571,cian,resale,flat,132000000.0,130.0,4.0,"московская область, одинцовский городской округ, заречье пгт, ул. весенняя, 2к6",unknown
5573,cian,new_building,flat,41458410.0,154.84,4.0,"московская область, одинцовский городской округ, ликино деревня, жк мыс, к2",unknown
5592,cian,resale,flat,46000000.0,202.0,4.0,"московская область, одинцовский городской округ, лапино деревня, новое лапино коттеджный поселок, 10",unknown
5593,cian,resale,flat,77166099.0,207.0,4.0,"московская область, одинцовский городской округ, заречье пгт, ул. тихая, 23",unknown
5614,cian,new_building,flat,43321883.0,113.2,4.0,"московская область, одинцовский городской округ, заречье пгт, бул. мещерский",unknown
